"Cognome","Nome","Indirizzo","Citta","CAP","Numero di Telefono"
"Johnson","Darrell","02647 Joan Rue Apt. 887","Gallowaymouth","12309","+078-663-783003"
"Brown","Joseph","5798 Megan Skyway","Charleneberg","52445","+707-548-84125"
"White","Paul","000 Rhonda Locks Suite 190","Sampsonside","14985","+896-184-54846"
"Brown","Colin","4398 Mitchell Cliff","Lindseyton","95708","252-8833042"
"Schwartz","Jeremy","27920 Schneider Hollow","Jamesburgh","53445","+144-996-65860"
"Newton","Ashley","49034 Kelly Mews Suite 837","North Oliviaburgh","23991","755-5083188"
"Jones","Erica","9015 Brittany Passage","North Brandon","13945","0423-065873"
"Vaughn","Aaron","7194 Neal Flat","Holmeshaven","07377","+957-579-23869"
"Vargas","Joanna","5955 Stacy Mountain","Carrport","44893","597-1909502"
"Lucas","Anthony","242 Santana Stream Apt. 919","Rebeccafurt","20055","629-3774570"
"Nguyen","Chelsea","0298 Thomas Manor","Lake Martha","27160","163-9169178"
"Jackson","Barbara","110 Dennis Mission Suite 090","North Kristen","00776","+863-114-3993528"
"Garcia","James","613 Michael Pines","New Ryan","87370","775-5229520"
"Morris","Cody","18451 Friedman Branch","Port Alex","30926","659-0413462"
"Henderson","Jessica","4543 Brian Station","East Christopher","59057","384-2766681"
"Cook","Amy","345 Michelle Tunnel Apt. 859","Wongport","53368","562-1982476"
"Jones","Raymond","20276 Glenn Ridges Suite 200","North Anthony","41422","+948-319-969748"
"Davis","Amanda","635 Tom Row Suite 926","Lake Brandon","80770","527-0230365"
"Garcia","Joshua","3041 Griffith Terrace Apt. 273","Kaiserland","28256","688-5133243"
"Sandoval","Andrea","7805 Rodney Fields Apt. 288","Guzmanland","11938","835-1754287"
"Hodge","Patricia","65560 Tara Forge Suite 835","South Jennifermouth","78005","634-1403968"
"Mack","Charlene","591 Kirk Creek","Port Arthur","66531","576-9783206"
"Johnson","Victoria","18421 Michael Groves","Kimshire","06792","494-5030401"
"Taylor","Charles","975 Dawson Common Suite 585","East Lindseyborough","29896","456-7260808"
"Dunn","Roger","09718 Owen Freeway","Lake Kevin","67663","+706-768-15924"
"Davis","Yolanda","0597 Fowler Center","New Brent","40619","326-0130791"
"Grimes","Allen","707 Faith Lake Apt. 492","Gomezmouth","70144","+427-136-54197"
"Peterson","David","21352 Ian Locks Suite 774","Toddtown","61477","+846-454-6748544"
"David","Larry","196 Cynthia Stravenue","West Bradleyshire","65431","+997-041-961621"
"Harding","Garrett","84405 Sarah Stream","Sanchezton","90591","+525-551-697498"
"Weber","Jenny","5138 Suzanne Knolls Apt. 761","Jenniferberg","85272","+754-781-33446"
"Williams","Linda","5036 Norris Flats","Lake Patriciamouth","10981","615-0700626"
"Lam","Jill","65180 Wilson Isle Apt. 729","Jamesport","31172","307-1358262"
"Webb","Rebecca","22573 Navarro Lock Suite 306","New Johnfort","55562","838-1620171"
"Miller","Stephen","74079 Chris Parkways Suite 763","Greenechester","43094","+438-169-09828"
"Arroyo","Catherine","076 John Track","North Krystalstad","74531","966-7338581"
"Gentry","Katherine","1853 Payne Trail Apt. 737","South Teresa","63662","+990-745-72961"
"Williams","Kenneth","45900 Christopher Spur","Port Daniel","01824","+284-798-464457"
"Johnson","John","19507 Melissa Radial","New Teresa","55711","835-1960943"
"Ayala","Christopher","480 Mitchell Vista","New Josephmouth","83288","335-0484963"
"Chambers","Joel","2854 Ward Falls","Ashleyton","89501","+242-607-030233"
"Young","Sheila","577 Deanna Junction","Suechester","58471","131-7522617"
"Nichols","Rickey","12351 Stacey Turnpike","Millerside","08320","558-6460413"
"Holder","Joseph","0185 Tracy Cove","West Jenniferhaven","71968","332-5264246"
"Hancock","Marie","9138 Valerie Fords","Port Matthewmouth","68079","981-5048782"
"Vasquez","Monica","649 Daniel Rest Apt. 211","Lake Rhondafort","38213","+989-944-72728"
"Stevens","Elizabeth","031 Bryan Forge Suite 878","Natalietown","52222","0440-260365"
"Cruz","Michelle","18019 Russell Via Suite 605","Alvarezberg","41489","961-0206303"
"Jones","Judith","26480 Hall Knoll Suite 395","East David","26380","+404-650-24954"
"Mckee","Krista","3278 Greene Lock","Samanthabury","47364","202-4855454"
"Chen","Norma","84609 Stephanie Brook","North Angela","92220","465-9960033"
"Harris","Angela","7030 Flores Tunnel","East Cameronside","28754","734-8725086"
"Alexander","Daniel","832 Cassandra Vista Suite 754","West Matthew","94115","+483-692-69810"
"Lee","Robert","8756 Deborah Expressway","North David","45869","+482-526-547981"
"Riddle","Nicole","09289 Amy Lodge","Aliciaton","48022","+361-010-949964"
"Cunningham","Deborah","72453 Wong Harbor","Watkinsshire","80053","+754-325-073711"
"Richmond","Caitlin","64738 Shannon Path","Port Gina","69297","+697-700-5840450"
"King","Michael","032 Jennifer Lake Apt. 601","West Kenneth","29684","+809-712-49974"
"Mitchell","Madison","4798 Allen Overpass Apt. 658","Alvaradoland","37820","786-8929495"
"Roberts","Johnny","06981 Thompson Center Apt. 038","Stephanieberg","54784","+406-398-190056"
"Singh","Matthew","92947 Eric Road Apt. 246","North Briannahaven","49559","+927-368-1713220"
"Smith","Jose","97389 Graham Manor Suite 353","Higginsfort","65836","0534-930667"
"Willis","Jeffrey","9560 Young Lane Apt. 808","North Nicoleberg","21137","153-0605659"
"Harvey","James","960 Shawna Squares","Debrachester","02254","678-1040153"
"Pratt","Tiffany","494 Terri Summit","New Nathan","06488","+726-476-445243"
"Williams","Christina","39300 Miller Mall","Meganberg","08597","227-2838896"
"Smith","Nicholas","870 Meghan Flat","Jeremybury","96273","782-4869141"
"Gonzalez","Danielle","51517 Baker Vista","South Erika","04590","+363-711-3146605"
"Sloan","Christopher","5207 Jeffery Dam Apt. 357","West Barbara","79608","+966-212-64729"
"Williams","Mary","1738 Stacy Road Suite 361","Tammyberg","63616","767-3334291"
"Combs","Tara","071 Amy Lane Apt. 412","West Mikestad","54842","0557-669078"
"Hamilton","Preston","91400 Monica Points Suite 727","New Douglasmouth","34164","+210-962-8532030"
"Murphy","Gabriella","7688 Brown Extensions","New Alexandra","99212","525-4890881"
"Brown","Catherine","3527 Heather Extension Suite 922","Port Matthew","04744","336-3024700"
"Atkinson","Theresa","17188 Diamond Mission Apt. 189","Elliottchester","94392","180-6375762"
"Aguilar","Angela","1157 Calderon Common","West Frederickborough","85931","+354-922-9559445"
"Mcgrath","Jack","79796 Renee Meadows Suite 914","Pattersonview","06139","381-2361941"
"Miller","Amanda","6442 Alexandra Drive Apt. 209","West Leahburgh","92137","+145-708-418429"
"Campbell","Kathleen","32583 Cheryl Islands Suite 831","Karenborough","04584","985-4561133"
"Martin","Carrie","490 Espinoza Point Suite 048","Port Suzanne","85916","+408-603-1136918"
"Smith","Elizabeth","303 Jackie Plaza Apt. 058","West Larryland","06735","395-5121311"
"Thomas","Amber","68453 Young Coves","New Jason","02407","+645-443-0568809"
"Walker","John","65372 Edward Turnpike Suite 790","Port Madison","07393","0179-509203"
"Moran","Sandy","52754 Tammy Forks Suite 408","Jamiechester","86191","291-8393849"
"Santana","Aaron","1979 Huffman Cove Apt. 623","Jessicachester","42313","+045-582-980165"
"Morris","David","780 Stanton Cliff","Jensenberg","80177","318-3530038"
"Brock","Elizabeth","523 Christine Cliff Apt. 943","East Anthonychester","88885","+280-185-5754520"
"Estrada","Brittany","715 Peterson Pine Suite 048","Lake Davidfort","46032","306-2766103"
"Roberts","Melissa","4436 Hammond Groves Suite 501","South Lauraton","42440","744-9896816"
"English","Barbara","130 Jacqueline Ferry","Nicholasville","47573","764-8991097"
"Nguyen","Bruce","895 Armstrong Ridges Apt. 655","West Jesse","90447","486-1078148"
"Henson","Yvette","769 Elizabeth Crest Suite 417","Lake Alexis","57096","0175-022930"
"Hamilton","Justin","752 Young Shoal","Port Eric","20375","707-7027348"
"Miller","Bryan","505 Anne Underpass Apt. 284","Jacksonshire","52084","126-0680897"
"Scott","Ryan","06107 Natasha Dam","Barretthaven","54181","786-9326221"
"Chung","Michele","656 Aaron Trafficway","Port Alison","42153","+225-789-92185"
"Ramirez","John","784 Ryan Inlet Suite 225","West Joshua","27545","+845-792-2043702"
"Butler","Dawn","3041 Angela Drives","Anthonyland","94360","+426-789-72492"
"Payne","David","95979 Meyer Shoal","Deannaborough","21771","+139-095-59793"
"Bautista","Denise","77185 Catherine Ford Suite 518","Andreaburgh","02231","+328-732-878032"
"Cannon","Craig","26963 Kelly Islands Apt. 637","West Michael","27937","171-5646936"
"Lewis","John","35055 Reynolds Mews Apt. 194","East Ashley","32455","743-0342291"
"Ramirez","Tina","7864 Eric Mission","Pattonburgh","24111","+274-789-10039"
"Cole","Shannon","7654 Ramirez Gateway Suite 851","Parsonsfort","02986","+843-184-439289"
"Oneill","Chloe","05743 Thomas Knolls Suite 267","Roberttown","99284","+299-748-870581"
"Willis","John","5087 Brandy Fork Suite 726","Jasminemouth","85256","+827-287-1468759"
"Hill","Heather","34264 Bennett Plaza Apt. 223","South Joshua","18006","538-9283177"
"Baker","Benjamin","85773 Walters Alley","Michelleland","01084","+830-575-2334362"
"Hunter","Michael","7219 Rebecca Isle Suite 624","New Julieton","66923","162-7999832"
"Ward","James","5425 Deborah Pine Apt. 176","East Kim","37629","259-5334356"
"Welch","Ryan","0306 Angela Inlet Apt. 898","Vincentfort","66730","647-7781509"
"Anderson","Kyle","500 Bradley Trace Suite 144","East Jesse","04525","796-0964187"
"Davis","Ann","27536 Phillip Turnpike Apt. 683","North Amber","55580","950-0376441"
"Wolf","Juan","984 Travis Divide","Wardbury","38653","+326-257-055245"
"Perez","Kathryn","3735 Kimberly Burgs Apt. 068","Lake Michaelton","65010","+612-058-3939475"
"Davis","Denise","5502 Dana Summit","Taylortown","06442","392-5934219"
"Hernandez","Frances","8585 Robert Burg","Port Lucas","94728","+137-865-00587"
"Hall","Jennifer","722 Kelsey Canyon","Peckshire","64356","758-8278557"
"Perez","Douglas","74021 Gabriella Forge","New Michaelborough","59004","927-9930620"
"Gill","Brent","33862 Riley Cove","Port Alexandrabury","54553","+335-769-20735"
"Dominguez","Sean","2086 Scott Plaza Apt. 333","Blackmouth","84578","+398-245-962577"
"Copeland","Julie","17830 Jimmy Station Apt. 620","Port Ashleyton","22138","+615-220-996068"
"Mora","Yolanda","1978 Helen Prairie Suite 706","Nathanshire","76324","+373-595-0214956"
"Smith","Mark","559 Kara Stream Apt. 838","Jasmineview","60441","201-2540317"
"Blevins","Krista","7663 Maria Forges","Morseton","34677","+541-704-19692"
"Brown","Ashley","8407 Dixon Lock","Jamesland","79459","665-5822162"
"Ritter","John","16827 Ellen Loop","Christopherville","46914","641-3071992"
"Long","Pedro","30820 Molly Road","West Betty","30121","+295-014-2209305"
"Campos","Rachel","9515 Jennifer Trail","West Sarahside","75177","557-7516484"
"Lewis","Stephen","52400 Adams Ridges Suite 450","West Katrina","24440","0798-095124"
"Manning","Bruce","9106 Juan River","Lake John","41156","+034-238-3730889"
"Mcknight","Brittney","0505 Garner Passage","Hillstad","37468","+320-269-338010"
"Zamora","Danny","96631 Melissa Creek","North Joshua","10057","907-0796293"
"Wood","Kimberly","77048 Christine Villages Suite 485","Buckleyberg","63129","680-2894424"
"Wilson","Casey","59960 Thomas Square Suite 777","Kellihaven","75681","628-2047402"
"Thomas","Dillon","173 Bush Road Suite 224","Staceybury","90965","+263-985-2027467"
"Stewart","Tonya","222 Douglas Inlet Apt. 253","Mckenziefurt","08961","+800-460-3324625"
"Blanchard","Toni","043 Patricia Haven","Josephchester","09404","745-7770500"
"Lewis","Jonathan","60779 Kelly Camp","New Anthonyburgh","26944","604-4906935"
"Ramos","Jessica","61727 Blake Key Suite 291","Port Stephanieville","02012","+203-044-17177"
"Macias","Andrew","721 Renee Mills Apt. 452","East Robert","16827","+525-839-31730"
"Jackson","Matthew","0817 Patterson Freeway","New Amberfort","85805","+060-644-14464"
"Bernard","Shane","108 Anderson Vista Suite 452","North Debraburgh","92309","+858-242-21893"
"Higgins","Andrew","9742 Jones Points Apt. 526","Port Charles","24534","+926-198-0360487"
"Scott","Joseph","44443 Mark Curve Apt. 578","Yoderchester","68195","887-1902751"
"Wilson","Mark","1737 Monique Port Suite 975","Janetville","88801","+432-208-2576662"
"Mendoza","Evelyn","5032 Tammy Corners Apt. 459","South Yesenia","82310","465-6381411"
"Ross","Andrea","58615 Wright Garden","Port John","83739","+121-054-8237265"
"Young","Albert","98754 Kathleen Groves Apt. 783","Tamiland","39051","853-1847873"
"Brown","James","1376 Deanna Islands Suite 107","East Bettyburgh","76341","402-2991308"
"Sanders","Brittany","127 Brandon Turnpike","New Melaniefurt","03183","+762-486-898843"
"Mcintosh","Diane","35908 Powell Junctions","Williamschester","49516","+931-728-6977812"
"Ramirez","William","585 Steven Row Suite 300","Willisside","25282","+052-629-98873"
"Washington","Laura","42892 Williams Place","Martinezmouth","65414","215-1726511"
"Reynolds","Mario","483 Perry Common Suite 674","Port Richardhaven","95703","+500-105-41862"
"Mitchell","April","1959 Hanson Fork Suite 756","Andrewmouth","61397","+507-083-1183362"
"Townsend","Sandra","58123 Jeff Drives","Timothymouth","13704","304-8577655"
"Edwards","Paula","867 Matthew Vista","South Lindaside","39868","+281-879-89871"
"Scott","Chris","047 Susan Fork Apt. 198","Aaronmouth","93977","+710-772-15810"
"Hampton","Julie","75906 Jefferson Estates","Franciscostad","63234","595-5772805"
"Meza","Denise","1554 Johnson Well Suite 865","Taraton","27896","+892-754-510948"
"Kent","Laura","70634 Caitlin Villages","Angelafort","98350","+941-684-5273356"
"Ward","Thomas","1049 Smith Oval Apt. 660","New Kelly","98147","+969-315-854642"
"Adams","John","6925 Hughes Flats","Leechester","21355","+981-313-06932"
"Welch","Brittany","3541 Donna Mission","Chapmanmouth","33003","312-0987113"
"Barnes","Marcus","06654 Roberts Ridge Suite 792","East Brookemouth","61699","+310-098-288780"
"Johnson","Cassandra","567 Hanna Locks","New Ronald","50212","280-7321264"
"Schroeder","Michael","9314 Dean Stream Suite 203","Hernandeztown","02761","640-6175413"
"Hutchinson","Elizabeth","9090 Mike Plain","South Brittany","25689","+868-848-488156"
"Turner","Tina","03681 Mary Circles","Catherinefort","11947","+023-634-54687"
"Hernandez","Stephanie","93630 Brown Station","Michaelshire","27882","+055-119-05116"
"Miller","Steve","36461 Dana Mews Apt. 644","Hillport","56847","+670-458-45075"
"Taylor","Samuel","42450 Mark Vista","Troytown","32787","+830-507-629363"
"Bernard","Daniel","93805 Cheryl Harbor Apt. 609","Webbton","46070","0226-595627"
"Leonard","John","92048 Michael Stream","South Matthew","23531","749-9722642"
"Daniel","Alexis","630 Lopez Oval Apt. 847","Port Karen","57158","+724-538-975530"
"Ochoa","Keith","37987 Johnson Village","South Tiffanytown","03223","338-7282235"
"Bauer","Jaime","4677 Campos Parks","Newmanmouth","04515","0600-108365"
"Williams","Curtis","9931 Le Underpass","Suzanneville","93028","391-7208498"
"Thompson","Thomas","203 Zachary Grove","West Kimberly","15257","557-4050673"
"Blake","Matthew","59600 White Courts Apt. 654","Lisastad","33202","340-7091527"
"Bird","Allen","517 Jennifer Brook Apt. 831","Nathanielland","10756","+572-374-78576"
"Olson","Christine","89237 Eaton Viaduct Apt. 084","North Destiny","94864","+486-637-312931"
"Alvarez","George","3134 Powell Burg Apt. 637","Lake Kimberlymouth","65145","911-8562931"
"Moore","Amy","32900 Janice Groves","Jacksonland","25589","+030-954-74208"
"Charles","Robert","71920 Amanda Coves","North Jessicafurt","33220","849-2426605"
"Baldwin","Michael","5376 Randy Mills","South Lisafurt","70005","0179-471198"
"Walters","Kristen","189 Roberson Canyon Suite 401","Lake Valerie","23955","+588-267-334774"
"Smith","Brianna","455 Bryant Trafficway","New Robertchester","04089","991-7388489"
"Simpson","Mary","32404 Michael Flats","West Adam","37253","406-5580088"
"Brown","Nicholas","21708 Jones Oval Suite 204","Brownfurt","22161","690-8082492"
"Romero","Brittany","4688 Justin Green","West Sarah","67787","401-9546473"
"Gaines","Charles","58831 Chapman Dam Apt. 078","Port Michael","12515","+320-903-752127"
"Lynch","Gabriel","830 Brooke Tunnel Apt. 817","Hectorstad","55262","910-7613395"
"Baker","Heather","11803 Bradley Lights Suite 549","Catherineville","01905","+823-075-967958"
"Maxwell","Beverly","53019 Moore Garden Apt. 582","Port Zachary","51928","105-9110621"
"Vasquez","Lisa","20049 Christy Circles Apt. 123","North Nicole","94169","176-9752267"
"Wilson","Brooke","6399 Carroll Lodge Suite 799","Abbotttown","95253","667-7521138"
"Hughes","Michael","9195 Luis Circles Suite 455","Port Sydneytown","27198","707-2165050"
"Cisneros","Daniel","9695 Jane Islands","Jimenezport","09327","+590-473-35342"
"Lawson","Tina","84236 Lindsey Cove","Keithberg","24699","+933-592-6474083"
"Suarez","Richard","874 Michael Oval Apt. 018","North Nicholas","96468","+536-234-95953"
"Anderson","Brooke","77941 Powers Circle","Port Erika","66421","825-4554256"
"Patterson","Erin","884 Thomas Rest Apt. 277","East Sherry","14703","0293-321741"
"Flowers","Michael","3912 Nicholas Ranch","Douglasmouth","74081","+947-998-9543057"
"Melton","Alison","1698 Adam Wells","Bakermouth","13411","613-6691004"
"Burton","Eddie","241 Susan Hills Suite 742","Arnoldtown","80006","+543-170-5428293"
"Howard","Misty","97541 Dickerson Views","New Dillon","58182","578-2133897"
"Nunez","Phillip","28674 Flores Passage Suite 342","West Stephanie","88774","197-7653396"
"Cruz","Patricia","42996 Carolyn Parks Suite 186","Howardbury","22041","224-7868933"
"Klein","Kristy","15451 Lewis Court","Toddhaven","88890","688-4721453"
"Jones","Ashley","746 Tiffany Stravenue Apt. 457","Robertshire","31458","+466-145-5909931"
"Stein","Robert","130 Gibson Passage Suite 292","West Tracyview","96796","+646-345-03945"
"Baldwin","Denise","6319 Monica Crescent Suite 474","Cookmouth","05585","846-6315358"
"Clark","Mikayla","764 Sandra Islands Apt. 259","Lake Alyssaville","28661","+596-880-56431"
"Eaton","Emily","3277 Torres Fort Suite 116","East Josephburgh","23472","+356-915-4359394"
"Johnson","Alexa","0176 Jimenez Run","Jacobsonshire","85842","812-4646108"
"Reed","Andrea","1068 Stevens Forks","South Courtney","70410","523-2651080"
"Ruiz","Scott","7170 Klein Viaduct","East Brianberg","03650","295-7487767"
"Torres","Kenneth","16813 Gutierrez Wall Suite 216","Port Austintown","46092","+258-907-99714"
"Jackson","Peter","073 Richard Tunnel","Jasontown","14914","+048-122-5583106"
"Kelly","Rachel","66739 Sanford Mall","Gonzalezfort","33321","470-2401974"
"Barker","Kyle","81418 Debra Port","North Stephenmouth","54261","+416-663-1279977"
"Li","Jonathan","032 Jones Mills","Port Jenniferfort","78348","667-5787296"
"Alexander","Michelle","628 Tracey Union Apt. 395","Gonzalesfort","51918","+099-510-128473"
"Lin","Duane","344 Harris Plains","West Michaelton","57087","275-2787310"
"Hall","Paul","5899 Zachary Lakes","Martinmouth","05409","+153-692-501111"
"Matthews","Janet","91156 Chelsea Via Suite 081","Melissaberg","87555","+028-130-4048705"
"Lopez","Nancy","3828 Michael Trail Apt. 448","North Cheyenne","34715","461-1298834"
"Lynch","Alice","2380 Hannah Extension Apt. 041","Port Carlos","07455","+936-240-73551"
"Baldwin","Anna","035 Chad Light","Lake Jeanneville","65922","+335-588-30856"
"Hill","Amanda","3835 Holmes Court","North Brittany","88431","985-2411705"
"Williams","Rodney","58450 Tammy Circle Suite 609","Mooreside","90644","+426-428-00032"
"Harrison","William","231 Kimberly Underpass","Michaelburgh","43530","+033-219-710166"
"Joyce","Kyle","11877 Melanie Mount","Port Mark","45796","+381-159-1228372"
"Garner","Melissa","562 Daniel Underpass","Port Victoriaberg","03550","227-9087775"
"Hogan","Jessica","107 Jacobs Street","Debraburgh","36942","409-3392359"
"Sanders","Tonya","470 Chapman Vista","North Christinebury","94025","610-0915525"
"Hendricks","David","45838 Nicole Vista","Jaredhaven","34229","0556-043540"
"West","Joseph","67898 Lauren Road Suite 547","Joneshaven","18360","+357-829-07100"
"Mccullough","Robin","9786 Martin Drive Apt. 112","New Lukeport","69035","215-3636536"
"Williams","John","794 Foley Locks Apt. 677","East Alexborough","76537","835-9438899"
"Berry","Michael","947 Garner Common Apt. 588","New Sean","73890","776-2087630"
"Harper","Brian","10956 April Ford Suite 252","Michelleland","04511","+903-031-2886063"
"Cherry","Nathan","99239 Omar Glens Suite 355","North Jasminechester","24631","+724-845-04918"
"Robertson","Francisco","8367 Alan Shoals","Elizabethfurt","82058","291-5555987"
"Jordan","Joseph","5108 John Springs Suite 545","Gonzalezside","36541","384-0521469"
"Mason","Victoria","2801 Lisa Crescent Suite 180","Thomastown","13465","+993-520-5885244"
"Chen","Steven","113 Anthony Inlet","Fisherborough","37487","0802-748713"
"Peterson","Jorge","2649 Lisa Heights Apt. 602","Colemanbury","31826","+212-724-3638675"
"Wagner","Stacy","035 Sanchez Causeway","Lake Stevenshire","17898","574-6325848"
"Santiago","Philip","260 Harrell Stravenue Suite 995","South Kendra","62148","+448-301-45104"
"Waller","Nicole","8427 Meyer Street Apt. 428","Seanburgh","55039","341-0822583"
"Guerra","David","3102 Doris Terrace","West Melissa","65489","+799-251-0076450"
"Thornton","Christopher","6811 Vargas Squares","Shieldsland","84088","471-6345135"
"Malone","Lindsay","411 Andrew Estates Suite 895","North Sarah","06620","+900-718-0486397"
"Parker","Jason","224 Turner Roads","New Cameronside","33034","777-0979225"
"Miller","Renee","42857 Johnson Roads Suite 904","New Karinastad","38869","+016-596-26642"
"Frazier","Tracie","7494 Harris Flat","Maryfort","81578","+769-879-8012678"
"Guerrero","Doris","1630 Morales Viaduct","East Daniel","91117","0496-344501"
"Prince","Ashley","8495 Skinner Plains Apt. 332","Adkinsview","97479","+394-600-051357"
"Anthony","Tasha","170 Danny Mill Apt. 314","Walkerfurt","99248","676-0097423"
"Brown","Jason","24656 Sheena Run","Lake John","16247","+181-799-77388"
"Williams","Jennifer","42339 Robert Stream Apt. 727","North Tracie","39500","+609-817-2661116"
"Wade","Christina","26852 Grant Junctions Suite 023","Matthewside","90023","0516-785751"
"Padilla","Charles","8124 Kimberly Park Apt. 745","South Joseph","51925","813-7547749"
"Bass","Tina","5273 Scott Divide Suite 781","Port Carl","01257","+735-494-327287"
"Jordan","Kimberly","900 Connie Rue","East Kayla","24975","935-3398435"
"Murray","Michael","2709 Daugherty Branch Suite 948","Troystad","23217","557-3354946"
"Wilson","Roberto","05212 Timothy Ridges Apt. 556","Matthewport","72509","175-5132487"
"Richardson","James","96094 Smith Rapid","South Diane","51403","886-3779209"
"Hernandez","Vincent","1595 Cynthia Hollow","Rodriguezshire","86848","+332-604-17849"
"Mcintosh","Catherine","45650 Blackwell Locks","Masonport","93439","+563-286-590537"
"Thomas","Raymond","014 Smith Keys","Craigside","50552","+336-844-26462"
"Myers","Sandra","267 Gutierrez Lock Suite 515","Ericport","15312","+374-270-986251"
"Garcia","Angel","01272 Nicole Summit Apt. 257","Harrisontown","27160","+794-984-541806"
"Sanders","Rhonda","99391 Brown Creek Suite 379","East Benjaminview","93122","+270-493-9336210"
"Hicks","Angela","0183 Peggy Mission","Munozberg","81922","208-7202137"
"Jacobson","Sharon","8570 Webb Islands Apt. 749","North Josephtown","16179","931-6698705"
"Snyder","Carlos","3069 Stephanie Ford","Erinton","37563","0851-006912"
"Lee","John","23989 Sharon Park Apt. 851","Brownburgh","18559","+593-026-7041769"
"Johnson","Angel","117 Kelly Creek Suite 701","Lake Robertbury","21835","272-7284413"
"Shaffer","Allison","166 Martinez Shoals Suite 854","Lake Kentmouth","01093","+835-290-7590195"
"Moore","Tommy","853 Watts Port Apt. 685","Anthonyport","83505","+250-892-28207"
"Rojas","Tonya","425 Elizabeth Valleys","East Mike","04133","796-8397421"
"Bell","Devon","17081 Mitchell Ville Suite 048","East Heatherland","49682","143-0705592"
"Jones","Debra","575 Stokes Drives","West Jeff","18011","+555-485-4012955"
"Maddox","Michael","9814 Brittany Unions Suite 111","Port Mary","35547","945-5261093"
"Smith","Kimberly","20344 Foster Locks Suite 745","East Sandraton","81416","+087-346-263159"
"Chase","Tina","9818 Tracy Light","Port Richardborough","85018","0779-501851"
"Cobb","Thomas","5395 Wright Ville Apt. 212","North Pamela","60875","956-7744755"
"West","Robyn","91908 Pacheco Island","East Susanton","96137","109-2350747"
"Mckinney","Megan","768 Lewis Keys Apt. 610","Michaelside","05027","995-7879612"
"Jackson","Vanessa","9950 Hunt Lights Suite 810","Evanland","53862","+405-990-542301"
"Whitney","Richard","81161 Lyons Key","Port Catherine","40061","123-0903951"
"Johnson","James","09689 Bryan Forges","Berrystad","26117","641-6312146"
"Cook","Edward","662 Judy Mountains","North Jeffrey","45467","+945-198-15728"
"Ramirez","Karen","30301 Monica Lodge Apt. 285","East Holly","69420","+759-906-5565061"
"Jackson","Sara","9302 Day Mount","Lake Roger","59252","+253-141-703353"
"Logan","Brian","26959 Thompson Locks Suite 916","West Leroy","86596","+998-310-7634647"
"Ortega","Johnathan","21265 Joanna Cliff","South Claireberg","36475","573-0279430"
"Taylor","Tyler","099 Roberts Turnpike","New Danielview","91797","546-6400243"
"Lopez","Jennifer","14698 Stephanie Junctions","Padillaview","23134","963-9174138"
"Price","Robert","125 Jessica Forks Suite 698","Shannonberg","69338","877-3231655"
"Kent","Andrea","19232 Lucas Trafficway Apt. 804","Gregoryfurt","49341","+786-479-617122"
"Spears","Carolyn","92679 Williams Dam","Dannyside","53360","+661-461-57445"
"Gray","Sean","275 Bell Center Suite 895","Joannfort","49215","+311-372-320478"
"Martin","Craig","19999 Kelly Parkway","Danielsborough","63287","+397-938-77294"
"Davis","Antonio","83545 Yolanda Corners","Lake Emily","36225","+872-450-0915861"
"Garcia","Jessica","443 Stacey Bridge","South Alexandrachester","40206","879-7916822"
"Matthews","Jennifer","5058 Cruz Street","Karenton","49691","739-7210368"
"Mccormick","James","844 Wilson Isle","South Jeffrey","35395","+612-721-90896"
"Dunn","Mark","7369 Debra Fords","North Brittney","68091","+764-343-515868"
"Wright","Jennifer","6207 Paul Avenue","North Robertshire","94804","+192-719-721920"
"Lynch","Sarah","0766 Donald Road","Meganchester","11594","+880-891-157134"
"Stewart","Jesse","03430 Weber Trail","Pattersonfurt","11028","605-5864337"
"Woods","Wendy","3294 Robertson Forks Suite 893","Levymouth","80141","+149-969-2992772"
"Douglas","Heather","080 Morton Overpass Apt. 189","Lake Tony","31027","+625-310-03131"
"Hughes","Beth","43707 Jesse Lakes","Port Crystal","01342","+736-614-0096203"
"Porter","Todd","30942 Brandon Row","Michaelaville","69902","+276-943-37849"
"Schaefer","Angela","773 Browning Villages Suite 016","Wardport","33847","+223-626-7458500"
"Perez","Larry","15697 Madeline Plaza Apt. 491","Aaronburgh","96343","+296-102-58463"
"Jackson","Elizabeth","42687 Joy Spurs Apt. 360","Coxville","10546","0137-874208"
"Ford","Paul","72266 Brian Tunnel Suite 881","Deborahfort","19887","172-9652350"
"Duran","Brian","4011 Smith Corners Apt. 798","East Sarahland","34745","0970-480264"
"Bush","Julie","353 Matthews Isle Apt. 396","Taylorstad","72495","+232-100-8965251"
"Huerta","Andrew","66342 Melvin Alley Apt. 761","Kristyton","98623","+592-426-00553"
"Davies","Christopher","5106 Smith Knolls","Pittmanburgh","05846","+597-257-8180848"
"Baldwin","Angela","43122 West Centers Suite 090","North Kenneth","50447","520-7630983"
"Trevino","Lisa","9901 Velasquez Estate Suite 535","Garciastad","92010","668-6694123"
"Smith","Kristen","40253 Green Fall","Lake Ellen","77112","+399-974-6923088"
"Mcclain","Sean","75702 Chavez Knolls","Debramouth","58934","+083-120-62101"
"Johnson","Joanne","9973 Simpson Landing Suite 933","Lindseyside","05195","+856-024-413435"
"Myers","Mark","831 Samantha Turnpike Suite 245","East Richard","56253","+327-961-88725"
"Lopez","Gregory","9575 Amy Fort","New Jayburgh","85467","+544-556-530331"
"Lopez","Debra","8536 Autumn Freeway Suite 754","New Nicholashaven","26728","+003-551-87607"
"Carson","Denise","74671 Christopher Heights Suite 340","Sarahstad","58841","+162-334-057219"
"Harding","Jamie","858 Katie Trace Apt. 566","Kimberlystad","43447","+477-580-996123"
"Johnson","Dylan","92257 Thomas Ridges Apt. 669","Rileyberg","15224","+985-581-731966"
"Elliott","James","0543 Randy Well","Forbeston","41911","280-6863681"
"Nelson","Brandy","54574 David Lakes","North Jeremychester","19419","336-5844766"
"Williams","Christy","034 Steven Meadows","New Jenniferstad","09321","+895-977-27776"
"Haley","Amanda","406 Ramsey Mount","Justinville","14637","537-6647119"
"Solis","Anna","102 Shields View Apt. 185","Lake Josephton","19581","770-2078742"
"Love","Andrea","86349 Anthony Estates Apt. 319","Amyville","73036","+187-479-855670"
"Hurst","Debbie","05998 Joshua Squares Suite 132","Lake Tonya","70214","0449-541265"
"Vargas","Kelly","00097 Allen Burgs","North Robert","89093","354-7837710"
"Silva","Elizabeth","4118 Louis Loaf","Lyonstown","21249","+637-883-8601311"
"Schaefer","James","4226 Miller Stream","Melissaport","44000","+491-296-4626904"
"Brown","Jason","7611 Hughes Turnpike Suite 733","North Mckenzie","34895","0388-549017"
"Jones","Michelle","0175 Atkinson Cove Suite 305","Port James","14561","+301-061-399189"
"Russell","Chloe","1999 Michelle Forge Suite 042","Ashleyland","65762","838-4231207"
"Oneal","Julie","99449 Green Ridges","Piercemouth","05859","+820-461-5753906"
"Ford","Jason","1968 Taylor Corners Suite 326","East Sara","59452","+429-214-334244"
"Logan","Joshua","8276 Rivera Row Apt. 147","Sherylside","29830","+636-821-304860"
"White","Shelby","220 Jeffrey Crest","Cobbchester","33984","+993-408-63264"
"Hunter","Joshua","55195 Thompson Stream Suite 357","West Dennisburgh","08386","+690-850-0273368"
"Ellis","Chad","505 Nichols Junction Suite 886","Joshuastad","63766","+201-148-752859"
"Shea","Alejandro","9218 Keller Isle","Christopherbury","36688","939-4640671"
"Eaton","Justin","067 Arnold Loop","Spencerfort","34132","691-6614733"
"Wood","Ashley","264 Mckee Green","North Kenneth","66594","861-1789932"
"Garcia","David","7915 Daniel Turnpike","Port Virginiafurt","18077","+234-679-36172"
"Wood","Mathew","928 Grant Stravenue Suite 850","Frankhaven","79440","+840-671-69763"
"Vazquez","Ryan","6355 Kaitlyn Brooks","Michelleburgh","54572","308-1894835"
"Rodgers","Lisa","7755 Young Dam Apt. 676","Lake Deborahville","47084","591-5819160"
"Wright","Connie","889 Joseph Drive","Port Emilyside","67009","0230-637724"
"Martinez","Heather","699 Shannon Stravenue","Port Brett","33315","+600-312-073764"
"Garza","Bianca","68513 Zavala Wall","New Anthony","26324","+846-052-054270"
"Wilson","Michael","80978 Hancock Court Apt. 641","Pattersonshire","09034","+661-891-617038"
"Robinson","Carmen","53856 Jessica Vista Apt. 685","Lake Brittanymouth","57166","596-3110092"
"Williams","Paul","09179 King Bridge","Robinsonfurt","11845","742-7070290"
"Miller","Alejandro","825 Ryan Loop","Lake Jerryton","27175","387-1183974"
"Newman","Adrienne","49089 Tonya Ranch","Leonville","03231","+150-324-925557"
"Barnes","Raymond","54119 David Causeway","Rebeccaburgh","68926","774-1485300"
"Miles","Jacqueline","3025 Brandon Station Suite 301","East Courtneyfort","83470","+834-047-75526"
"Mora","Austin","078 Christensen Isle","Josephmouth","12155","401-4464774"
"Parker","Andrew","242 Bailey Landing","New Rachelside","50205","0892-539773"
"Hernandez","Andrew","881 Johnson Path","East Dylanton","01868","+741-017-22137"
"Parrish","Brittany","788 James Mountains Suite 670","West Norma","62570","749-2641660"
"Hill","Rebecca","19844 Waters Drive Suite 717","Lake Justin","40231","309-6991439"
"Cox","Sara","9025 Johnny Roads Apt. 638","Johnstonside","68855","585-5707328"
"Macias","Roger","07645 Jennifer Stravenue","Lake Christopher","95225","395-5631311"
"Chang","Todd","9089 Anthony Shoal","South Bethville","86411","+485-405-66644"
"Lewis","Amanda","88911 Schneider Inlet Suite 223","Johnsonfurt","51677","925-9660925"
"Robles","Ann","25440 Chloe Square","Johnburgh","59017","+188-947-582867"
"Jenkins","Emma","5634 Garcia Rapids Suite 341","Leonchester","48687","593-3372330"
"Allison","Kathleen","77860 Dylan Cape Apt. 272","Kathrynshire","49904","120-2780925"
"Grant","Crystal","641 Diaz Vista","Patriciashire","32887","+133-558-011266"
"Griffin","Phillip","5299 Teresa Cove Apt. 727","West Christina","87895","0255-835619"
"Jones","Bradley","6524 Deborah Ford","Port Davidview","24128","516-0375696"
"Garcia","Jake","2532 Hanson Island Apt. 852","Henryton","02099","+457-407-67698"
"Brooks","John","97462 Mary Mission","Christopherhaven","24534","+109-588-41473"
"Bell","Robert","73173 Laura Trail Apt. 251","Mcdowellland","68420","975-3628511"
"Bullock","Danny","3012 Anderson Squares","East Matthewfurt","43047","+498-435-72079"
"Prince","Jimmy","78479 Joshua Burgs Apt. 196","Angelfort","08239","929-3472772"
"Patterson","Jennifer","40447 Johnson Crossroad","East Bryanstad","71436","401-3622978"
"Brown","Lisa","042 James Hollow","Paulview","31561","+692-798-553724"
"Strickland","Lauren","37428 Carolyn Knoll","Robinsonport","34229","+371-762-35746"
"Nash","Brandon","52841 Michael Union Suite 773","Margaretberg","26021","+970-625-7297592"
"Velazquez","Jennifer","2794 Kevin Meadow Suite 449","Berryside","36783","+077-874-2494414"
"Lin","John","537 Evelyn Tunnel","Shafferborough","09689","+012-113-47972"
"Adams","Anna","384 Gardner Forks Apt. 941","East Patrick","81687","+670-135-8007688"
"Brown","Sherry","011 King Alley","Leeport","92892","+081-880-182823"
"Kelly","Catherine","74130 Smith Tunnel Apt. 308","East Cindyview","88528","0691-951486"
"York","Jenny","7068 Adams Union Suite 089","Gonzaleztown","49481","494-1156949"
"Hill","Jennifer","18351 Samuel Mills Apt. 177","East Mark","71652","+146-369-847655"
"Hamilton","Michelle","046 Mendoza Overpass Apt. 216","Lake Angela","94500","992-2372606"
"Hawkins","Timothy","234 Casey Plaza","Port David","94449","0353-800076"
"Jones","Aaron","78383 Brittany Causeway","Lake Jennifer","78347","+872-034-4800025"
"Banks","Garrett","49872 Thornton Shoals Apt. 131","Michaelchester","23070","632-3384699"
"Hernandez","Michael","6284 Ryan Mill Suite 881","West Audreyfurt","81079","+540-673-780567"
"Hanson","Tina","82095 Williams Mission","Lake Feliciaville","26628","727-2574688"
"Moreno","Christina","32997 Troy Cove","South Rachel","97657","0785-652276"
"Green","James","5395 Graham Heights Suite 406","Seanville","02603","569-5562800"
"Bates","Joseph","375 Osborne Port Apt. 326","Bennettmouth","56056","+414-281-5540513"
"George","Heather","0310 Guzman Fields","Juliaberg","53168","+507-517-01884"
"Swanson","Tommy","0105 Jason Key Suite 392","West Susanfurt","80199","+682-181-87475"
"Greene","Richard","07794 Michael Terrace Suite 928","Lake Mark","11443","707-5845146"
"Anderson","Victoria","325 Darius Divide","Kevinmouth","28088","+053-602-95495"
"Chapman","Julie","21378 Suarez Turnpike Suite 473","Kerrystad","40467","642-4318133"
"Lamb","Robert","847 Moore Freeway Apt. 726","East Jenniferborough","12266","+777-296-215076"
"Duran","Chelsea","3175 Davis Estate Suite 482","Lake Jimmyland","00768","+804-191-83104"
"Smith","Erin","643 William Streets Apt. 650","Myershaven","79004","+059-719-154320"
"Fleming","Tracey","079 Michelle Stravenue","New Johnfurt","02201","605-5939510"
"Logan","Teresa","6101 Justin Ranch Apt. 189","Yoderland","86297","+570-115-6210305"
"Castillo","David","0341 Nixon Stravenue","Kempfort","34023","599-1826342"
"Thompson","Drew","1187 William Forest Suite 708","East Holly","26748","421-3755902"
"Carter","Lisa","823 Delacruz Turnpike","Robertsonfurt","78722","+665-380-6372462"
"Clark","Kim","8624 Timothy Locks","Bowmanbury","86187","729-0686583"
"Kaiser","Gregory","55425 Russell Viaduct Suite 116","Lake William","93594","693-3518289"
"Trevino","Ronald","570 Ashlee Way Apt. 145","North Diane","17968","+307-678-34660"
"Morgan","Teresa","30933 Angela Fords","South Danielhaven","05683","551-0965872"
"Parker","Matthew","197 Adam Island Suite 755","Port Kimberly","77185","+777-280-98398"
"Miller","John","4952 Mary Village Suite 545","Carterland","25288","+500-028-17203"
"Rivera","Miranda","804 Laura Prairie Apt. 911","South Larryview","16675","368-7734856"
"Rodriguez","Meghan","49821 Jeremiah Curve Suite 576","Lake Anna","82988","938-1280948"
"Thomas","Mary","956 Green Loaf","Kerrhaven","57785","+007-835-50191"
"Wang","Matthew","78350 Patterson Springs Suite 036","Lake Rhondaland","07164","+196-858-1291577"
"Copeland","Kathryn","8989 Curry Ridges","New Dianafurt","67760","157-1956342"
"Rodriguez","Debra","60212 Nolan Corners Suite 485","Wendystad","17380","619-7189415"
"Thomas","Rachel","9268 Martin Oval Apt. 392","Coryview","35801","+082-060-34897"
"Powell","Beth","34099 Diana Causeway Suite 236","Johnland","36447","0301-170511"
"Smith","Wanda","5466 Donald Bypass","South Joseph","61340","328-1887613"
"Matthews","Roy","371 Teresa Corner","Moorefurt","40544","123-2766129"
"Benson","Sandra","56156 Gary Fields Apt. 123","Christopherchester","62148","+623-026-1055326"
"Henson","Tony","5552 Martin Mountains","South Bryanchester","08980","0720-712409"
"Brown","David","311 Williamson Summit Apt. 365","Saraview","79174","+790-320-6836715"
"Cruz","Ryan","1838 Boyle Loaf Suite 662","Patriciaborough","85355","572-2051914"
"Brooks","Brian","481 Candace Vista","Deborahton","55961","163-4017621"
"Brewer","Gabriel","39940 Isabel Court","Hallside","65812","+303-993-169993"
"Reynolds","Andrew","452 Jennifer Path","Port Phillipport","41564","125-4913894"
"Powers","Charles","898 Mitchell Via Apt. 852","Kevinstad","90504","222-0380565"
"Hale","Melanie","340 Susan Key","New Elizabethshire","69629","722-5258980"
"Hernandez","Michael","242 Clark Trafficway","Keithfort","12715","482-7902653"
"Martin","Mary","00584 Peter Gateway","East Robinmouth","63695","387-6968146"
"Reid","Andrea","680 Rivera Shoals","Lake Dillonhaven","47039","507-8818919"
"West","Gina","57402 Kelley Hills","Lesterbury","95671","+676-369-989623"
"Torres","Joseph","662 Eric Coves","Davidton","27701","298-2630971"
"Fox","William","465 Matthew Pines","Hensonberg","32101","860-7920041"
"Rivera","Nicholas","0613 Yates Oval","West David","62064","+114-952-1225006"
"Lopez","April","21813 Jacob Fields","North Robertshire","38130","986-0457717"
"Middleton","Wendy","903 John Highway","New Austinmouth","54050","+868-324-266201"
"Andrews","Melody","15045 Young Glens","Daughertyhaven","69797","+715-874-7641175"
"Cohen","Janet","2392 Case Points Apt. 266","North Henry","54147","261-5098511"
"Hines","Kaitlyn","98715 Poole Rapids","Ericaside","84225","502-7641916"
"Trujillo","Jaclyn","378 Larson Mission","East Anna","90917","+758-772-57916"
"Wilson","Melissa","62799 Watkins Haven Suite 414","Robertostad","32403","+360-506-76985"
"Christian","Katie","69749 Nathaniel Mount","South Susan","21576","785-0068046"
"Smith","Nicole","6703 Nguyen Hill","Lake Elizabethside","34210","+155-973-1955697"
"Ray","Joshua","72471 Brittany Stream","New Cassandrachester","44647","206-4652134"
"Lopez","Theresa","49739 Cheryl Rue","Lake Gregoryport","26018","902-1956978"
"Sutton","Kimberly","0206 Robinson Dale Suite 492","Anthonyshire","53811","+866-257-991097"
"Bailey","Aaron","86753 Zachary Pass Suite 378","Scottton","46752","+429-841-2300278"
"Smith","Edward","668 Jessica Well","Hayesstad","56947","+662-833-29497"
"Coleman","Cindy","0172 Lisa Coves","East Laura","94693","162-7120787"
"Rodriguez","Kristy","3719 Gary Branch","Charlesfurt","51929","667-1484046"
"Gibson","Margaret","18186 Emily Plain","West Nicholas","47942","855-5058689"
"Hendricks","Elizabeth","46902 Catherine Road","New Alison","23606","999-4253033"
"Walker","Ann","880 Kenneth Track","Alexanderhaven","47328","589-8734425"
"Anthony","Robert","51717 Herrera Stream Suite 824","Michaelberg","68062","0818-008032"
"Flowers","Jimmy","4075 Robert Circle","Victoriaport","32387","+145-446-199365"
"Becker","Kelly","802 Hopkins Mountains Suite 313","South Frank","72304","+212-921-663940"
"Trujillo","Connie","842 Katherine Forge","Ashleyside","42643","+029-713-68898"
"Silva","Steven","34938 Yvonne Creek Suite 539","East Tracy","01952","669-2039064"
"Cook","Joshua","257 Patricia Mews","East Brianna","70734","+038-234-14502"
"Gordon","Russell","569 Oneill Ferry Suite 722","Joshuaville","86413","529-8517340"
"Lane","Ariana","2320 Michael Village","Brooksport","16240","+210-637-4971378"
"Reeves","Kathleen","929 Timothy Springs","Sarahland","25638","331-9621770"
"Duran","Cassidy","660 Campbell Expressway","New Donna","69022","157-3098274"
"Smith","Kristen","76910 Philip Walks","Brianchester","92204","+656-673-8738289"
"Vaughn","Robert","0923 Robert Ranch Apt. 258","Robertport","69971","+103-427-61442"
"Herring","Ronald","3751 Rodriguez Cliffs Suite 529","Lake John","37554","174-9306566"
"Garner","Gregory","444 Kathryn Station Apt. 454","Drewfort","40052","336-9963492"
"Martin","Stephanie","02594 Caitlin Centers","Timothychester","30294","+086-052-24652"
"Mitchell","Kelli","3885 Kirby Street","North Jenniferborough","41821","775-8441794"
"Elliott","Carol","2985 Kline Prairie Apt. 875","Jacobsonbury","58818","+883-665-0233361"
"Johnston","Blake","68385 Gibson Villages Suite 204","Walterstad","66048","128-7476172"
"Hudson","Kim","1957 Olson Villages Apt. 956","West Amyton","35139","290-0785593"
"Brown","Karen","417 Nicholson Gardens","Johnport","95647","415-4040990"
"Russell","Allison","147 Cohen Forge Apt. 925","Matthewstad","53475","+069-553-46754"
"Haley","Victoria","0302 Cohen Isle Apt. 090","Heathertown","54405","213-5150682"
"Williams","Donna","20116 Leonard Ports Suite 946","East Luisshire","60049","827-6220982"
"Pierce","Margaret","434 Julie Meadows","South Alanbury","97954","+610-951-5505700"
"Rivers","Matthew","80587 Jorge Spurs","Jamiechester","37296","+143-618-9441676"
"Herrera","Daniel","78250 Hammond Vista","New Destinyside","20504","880-0700581"
"Moore","Sara","025 David Lock","Lake Johnland","94602","0673-659341"
"Bennett","Michael","08688 Julia Shoals Apt. 237","Lisaville","09789","+888-713-65247"
"Jordan","Joseph","9010 Arias Mill","Leeside","32812","943-8869464"
"Robinson","Troy","5693 Christopher Highway Apt. 470","New Branditon","92640","993-9301229"
"Zuniga","Pamela","0607 Diaz Fields","North Justinmouth","17954","+314-021-486871"
"Williams","Carl","2166 David Rapid Suite 962","Robertburgh","79608","+751-005-98352"
"Dunn","Kevin","9422 Peterson Lights","New Sarahmouth","39001","628-8368917"
"Harrison","Samantha","203 Williams Square Suite 147","New Courtneyberg","43234","129-4426885"
"Harris","Ronald","147 Larson Causeway Apt. 903","Danielleburgh","40568","701-5141173"
"Jones","Elizabeth","20105 George Mountain","New Patrickmouth","34575","+344-081-147378"
"Hernandez","Derek","369 Cook Trace Suite 608","Rogerchester","27051","400-7864866"
"Beltran","Elizabeth","796 Kelly Vista","North Vanessafort","23806","880-8406133"
"Graham","Steven","53441 Joshua Crossing Suite 152","Randyville","63909","379-0339725"
"Newman","Tammy","22369 Amanda Prairie Suite 130","Catherinechester","86898","331-9709439"
"Castro","Daniel","224 Morgan Circles","Richardtown","49868","+274-247-641621"
"Tucker","Sabrina","3611 Christopher Mount","Brittanyland","44214","724-3315530"
"Johnson","Greg","9833 Clark Alley","Lake Lori","42577","677-6906088"
"Johnson","Jennifer","6601 Harrell Trace","West Tracyburgh","86610","+274-770-6281198"
"Gomez","Tyler","92122 Cooley Row Suite 612","Joelstad","64408","540-0184861"
"Jefferson","Deanna","40223 Guerrero Cove","South Tracy","91401","+954-780-06960"
"Nguyen","Jack","77684 Watson Branch Apt. 761","Sarahland","27931","+905-324-57698"
"Stewart","Samuel","2950 Stephanie Mountains","West Caleb","57628","130-9328004"
"Stewart","Jeremy","1389 Lin Tunnel Suite 579","Lake James","67568","302-7823497"
"Brewer","Carlos","092 Rhodes Parkways","Normanberg","10147","871-4317617"
"Gutierrez","Carol","0325 Kline Run","Woodsmouth","80259","+791-776-13649"
"Johnson","Jeffrey","26655 Lindsey Meadow","West Valerietown","96043","+101-343-6630303"
"Chavez","Daniel","4495 Stephen Hollow","South Susanmouth","10376","811-6072418"
"Warren","Katherine","8764 Todd Landing","Robertsville","76738","+284-011-337445"
"Koch","Richard","54398 Joseph Roads Suite 157","East Cassandraborough","16834","+510-197-46601"
"Kidd","Travis","211 Christopher Isle Apt. 703","Spencerborough","50636","122-4100627"
"Tucker","Sarah","608 Lowery Spring","Brownport","51071","+569-087-2095080"
"Gonzales","Tammy","53928 Jade Crossroad Apt. 205","South Diane","31111","+001-535-12862"
"Rodriguez","Eugene","388 Beltran Mews Suite 501","Lake Sabrinashire","96275","+263-787-79016"
"Zamora","Timothy","30142 Jordan Harbors Apt. 610","Daltonshire","33474","+501-323-63260"
"White","Mia","6545 Jessica Cliffs Suite 710","Port Christophermouth","42762","0280-813118"
"Morrison","Richard","354 Jimmy Divide","Juliehaven","49591","945-5369418"
"Gay","Nicole","56883 Steven Glens Suite 699","Port Ronaldborough","70883","+516-794-0335563"
"Steele","Robert","249 Benjamin Village Apt. 888","East Gilbertport","31661","410-7548523"
"Fleming","Bonnie","9343 Lauren Lights","East Nicholasfort","55656","+436-193-3750672"
"Dennis","Jeffrey","256 Elijah Overpass Apt. 096","Lindseyfurt","80411","+394-517-27387"
"Thompson","Jennifer","0030 Jeffrey Shore Suite 041","New Patrickton","86017","+194-773-049665"
"Prince","Cheryl","8392 Obrien Neck","Jenniferview","20348","366-6832735"
"Rodriguez","Marcus","723 Wilson Crescent Suite 948","North Tammy","59004","+478-337-23037"
"Vega","Heidi","48601 Stark Mill","West Michael","27828","498-9049335"
"Phillips","Cynthia","30514 Kim Forges","Lake Edward","94984","968-6239039"
"Pruitt","James","19189 Monica Points","Evanston","48266","0072-302107"
"Collins","Theresa","04413 Gwendolyn Terrace Apt. 694","Jerryside","31545","533-7606798"
"Avila","Pamela","91874 Torres Rest","New Maria","03088","0410-953839"
"Rogers","Chris","396 Dennis Shoals","Clineburgh","80026","+436-580-348375"
"Harris","Lori","545 Brown Curve","Port Steven","67600","835-7359430"
"Duffy","Kevin","91546 Barnes River Suite 860","Juliestad","67486","827-5865913"
"Jackson","Carla","660 Linda Springs Apt. 274","Peterland","59742","+326-232-2144759"
"Mendoza","Jo","441 Meyer Inlet Apt. 919","Jenniferfort","49058","298-9406882"
"Mason","Selena","66516 Williams Spring Suite 734","Lewishaven","51503","451-6931670"
"Villanueva","Diane","922 Hawkins Street Suite 819","Englishbury","94853","208-8590698"
"Duffy","Jennifer","31939 Cohen Station Apt. 458","Port Stephaniebury","94893","202-7759228"
"Bates","Jodi","13115 Clark Knoll Apt. 093","Santiagoborough","75806","+558-490-0398916"
"Wilson","Jeremy","02750 Santiago Wells Suite 082","Laurenstad","07360","+371-201-08618"
"James","Brian","534 Cordova Mountains","Armstrongland","41837","+728-764-12768"
"Walker","Sandy","884 Hernandez Roads Apt. 669","South Melanie","55167","695-0594394"
"Suarez","Joshua","00739 King Wells","Tracyville","90075","+607-436-6414662"
"Brown","Jennifer","82762 Rodriguez Ranch Suite 106","North Johnville","57331","680-6319242"
"Mcdonald","Steven","4086 Perkins Islands","Port Charlesburgh","50629","+761-263-2963790"
"Davis","Nicholas","741 Melissa Walk","Port Malloryland","51050","613-9719377"
"Rivera","Timothy","7937 Golden Fork","Hodgesfurt","93614","375-1171999"
"Lee","Gabrielle","3712 Brown Gateway Suite 185","Port Travis","90428","386-1956816"
"Campbell","Aaron","20597 Webb Row Apt. 257","Lake Laura","38546","981-5065531"
"Brown","Jared","43219 Taylor Fords","West Connorfurt","12950","+990-143-829543"
"Williams","Jessica","60400 Mccullough Ramp Suite 085","Port Melissa","91646","+544-455-627423"
"Smith","John","550 Hardin Key Suite 804","New Barbara","63106","+956-705-8834767"
"Santos","Sarah","4728 Cook Junctions Suite 054","Port Zacharyborough","33619","+175-951-5959129"
"Savage","Janet","1751 Brian Drive","West Nicholastown","93225","+258-906-22593"
"Hall","Taylor","69215 Michael View Apt. 966","Mccormickstad","50330","520-7794288"
"Hunter","Edward","980 Tiffany Plains Suite 619","Anthonyton","32622","931-3858289"
"Nunez","Eric","10891 Kenneth Ports","Port Kellychester","26344","731-0419850"
"Castillo","Sandra","67795 Justin Trafficway Suite 572","New Clifford","48811","+915-574-78024"
"Burke","Jacqueline","150 Montoya Meadows","Yvonneborough","09916","+657-403-970436"
"Wood","Emily","7946 Christopher Common Suite 705","Martinezchester","96595","803-2406979"
"Wilson","Marcia","12888 Simpson Ranch","East Tracy","41049","565-4513793"
"Edwards","William","5615 Nash Place","South Larry","94609","0698-970847"
"Jones","Jamie","99009 Javier Inlet Suite 627","Kelleyside","54183","+636-406-593360"
"Hubbard","Jacqueline","686 Brittney Dale Suite 805","North Zachary","16609","260-7979048"
"Price","Shannon","544 Tiffany Fields Apt. 045","Gregoryfurt","68157","554-3988111"
"Jenkins","Mary","1808 Sanders Mountain","Nicholebury","27765","326-0806824"
"Gonzalez","Jacob","137 Jenkins Harbors","East Jerrybury","52612","+639-974-3590879"
"Morris","Natasha","423 Smith Canyon","Nicolehaven","51192","+164-014-781795"
"Parks","Patricia","767 Calderon Shoal Apt. 150","South Erica","16320","+407-014-4792564"
"Harper","Edwin","68727 Cole Plains Apt. 970","Carterborough","73449","+612-586-56425"
"Garcia","Mark","045 Maxwell Station Apt. 899","Lake Margaret","65355","+563-723-7885681"
"Anderson","Maria","8292 Christopher Haven","South Laura","66672","+916-543-3993109"
"Williams","Johnny","2781 Carol Turnpike","North Lisabury","26797","130-2391804"
"Gibson","Kelli","38758 Rachel Locks Suite 530","West Gabriel","12942","780-0819096"
"Hunt","Russell","0017 Pamela Prairie","Thomashaven","71761","+754-688-8705178"
"Blake","Randy","721 Miller Pines Suite 551","Michaelbury","95261","833-0683364"
"Valdez","Christina","009 Robert Locks Suite 264","North Jorgeshire","38664","375-4662815"
"Obrien","Colleen","7846 Stephanie Crest","Nunezside","84676","+759-932-7178328"
"Hall","Ryan","797 Hogan Crossing","East Natashaview","08654","+843-711-31732"
"Nichols","Sharon","8473 Christine Plains Apt. 493","East Victoria","31990","+852-487-0357109"
"Jackson","Joshua","93051 Charles Shores Suite 966","Atkinsonmouth","65048","561-8141419"
"Bender","Nicholas","75882 Gallagher Fort","Benjaminfurt","79764","+976-815-97970"
"Brooks","Kyle","38369 Mckenzie Mountains Apt. 085","North Steven","47250","879-9118824"
"Wilson","Rhonda","50571 Gonzalez View","Port Frederickchester","64271","667-0771583"
"Kennedy","Steven","16140 Angela Squares Suite 085","West Micheal","08999","+533-331-66497"
"Byrd","Mark","872 Tyler Passage","Johnstown","09691","+476-054-249902"
"Fuller","Melanie","66976 Michael Valleys Apt. 248","Jenniferberg","96154","371-4908785"
"Rodriguez","Stacy","574 Emily Way","New Tara","11911","+912-377-6190300"
"Brown","Christine","63100 Williams Freeway","North Lawrence","90059","285-5072914"
"White","Rose","40902 Khan Road","Port Michaelchester","73533","+408-469-158651"
"Clark","Heidi","70100 Angela Crest Suite 539","South Rebeccaport","63542","196-3473987"
"Ryan","Robert","71086 Debra Causeway Suite 804","Rosstown","54065","+801-889-9708922"
"Phillips","Jerry","4003 Richards Groves Suite 639","South Jamesview","81786","+037-903-809225"
"Price","Jordan","67868 Christopher Meadow","South Hannah","64126","+456-546-4618947"
"Rhodes","Jesus","671 Jasmine Rapids","Timothyfort","95179","+242-305-69300"
"Gregory","Jennifer","45374 Nichole Ports","West Melissahaven","28968","+720-886-48977"
"Nelson","Anthony","62559 Curtis Forks","Cherylside","28343","626-5090533"
"Lawson","Rachel","9960 Traci Vista Suite 700","New Phillipmouth","59355","923-8464710"
"Wilson","Emma","8447 Jones Point Apt. 030","North Lisa","46986","+832-589-6292237"
"Liu","Donald","41589 Catherine Summit Apt. 209","Alvarezburgh","19731","197-2932331"
"Melton","Trevor","07314 Benson Shoals Suite 722","Gordonfort","28868","945-7846144"
"Costa","Courtney","07292 Rebecca Orchard Suite 140","Port Waynestad","57739","115-2803979"
"Cross","Joseph","11599 Jones Expressway","Tranchester","48292","728-9775169"
"Phelps","Norma","90492 Werner Isle","Port Jamie","87309","448-7827292"
"Davis","Deborah","037 Lutz Ramp","Cherylland","51785","+067-563-3346343"
"Ferguson","Andrea","052 Garcia Prairie","South Gregoryshire","05703","314-4745848"
"Miller","Katie","74390 Brown Ford","Millerview","85534","749-3367871"
"Vargas","Sarah","00848 Bryant Keys","Danashire","15487","497-5338340"
"Cole","Dawn","0801 Miller Square","North Nathanieltown","36450","194-9314938"
"Chase","Dawn","793 Sosa Road","Caseyfurt","84125","+940-648-934915"
"Patel","Peter","2725 Bradford Harbors Suite 795","East Williamfurt","26681","+606-862-1617291"
"Roberts","James","459 Erik Ports Apt. 402","Millerside","11258","+225-784-844968"
"Smith","Scott","777 Peters Bypass","Thomasside","65607","159-3997659"
"Green","Lisa","6310 Benson Stravenue","Danielfurt","86350","197-9807887"
"Hopkins","Lisa","0431 Howard Landing","Port Rebeccaside","91648","545-5034772"
"Roberts","Joshua","1467 Lauren Village","East Rebecca","34436","+232-393-838044"
"Ryan","Karen","57343 Rodriguez Spur Apt. 652","Cindyland","66873","707-9548453"
"Chapman","Kelly","355 Stevenson Glen Suite 651","Petersonstad","91946","0050-601962"
"Marshall","Jamie","013 Wolf Street Apt. 575","Paulland","69336","900-9347394"
"Watson","Cheryl","4998 Matthew Causeway Apt. 003","East Darryl","59197","+378-180-4959946"
"Knight","Jonathan","62996 Robert Trace Apt. 144","Robertview","66211","417-1729810"
"Reed","Amy","36082 Nicole Crescent","New Kevin","54163","336-0350248"
"Snyder","Christina","4611 Gilbert Valleys","Floresbury","54094","643-7438631"
"Braun","Melissa","07213 Roger Oval Apt. 189","South Adam","45977","545-4991681"
"Robbins","Laura","774 Jonathan Circle","Samanthatown","56068","+629-074-45523"
"Harmon","Angela","11504 Jennifer Hollow Suite 099","South Melissaland","58165","+253-461-035686"
"Russell","Sherri","715 Nathaniel Trail","New Jenniferview","04906","705-0839484"
"Mayer","Pamela","7405 Benjamin Ranch Apt. 080","Lake Christophershire","29623","306-5243437"
"Osborn","Michelle","5956 William Drives","Salazarfurt","10945","+097-849-542809"
"Williamson","Robert","22208 Walker Fork","Lake Diane","80266","182-8002003"
"Peterson","Ian","465 Michael Hills","Thompsonchester","45460","+360-108-64347"
"Perez","Dale","937 Daniel Dam Suite 483","Dicksonstad","93380","+615-042-7745319"
"Jackson","Brian","246 Hayes Mews Apt. 811","Gonzalezbury","41150","+042-635-62968"
"Peterson","Jessica","2848 Warren Centers","North Benjamin","17890","835-4283570"
"Young","Jennifer","96482 Brewer Grove","Port Daniel","78364","976-7469871"
"Garza","Samantha","882 Weaver Turnpike","West Lisa","92731","+172-382-0610288"
"Green","Nicole","53222 Henry Vista Apt. 340","Jessicamouth","49550","153-7939353"
"Jarvis","Melanie","5262 Bright Flats","Port Dorothymouth","28599","731-3720782"
"Gay","Nathan","6975 Dawson Locks","Davidfort","36399","+459-471-2020295"
"Cross","Sierra","352 Melinda Mall Suite 800","Whiteport","66428","853-0946941"
"Patterson","Amber","6852 David Harbor Apt. 691","Port Kristina","53703","+950-277-484004"
"Nelson","Brenda","813 Clark Bridge","Josephtown","71490","788-7673162"
"Boyd","Melissa","73404 Michelle Mills Suite 175","South Jilliantown","81076","821-6019292"
"Johnson","Jasmine","091 Madison Shore","Charlesland","85091","+708-899-90959"
"Mullen","Christopher","9597 Stewart Burg","Crystalhaven","72931","+030-327-08618"
"Murray","Michael","90148 Owens Mountain Suite 929","New Karen","94307","0397-751749"
"Estes","Eric","37518 Jones Pines","Lake Sherrymouth","74606","805-4775573"
"Murphy","Caleb","43215 Christopher Summit Apt. 793","New David","59605","437-8908334"
"Russell","Tonya","861 Torres Ranch","Shelleyberg","35860","+224-608-51654"
"Howard","Michele","6571 Megan Skyway","Harrisberg","59523","+859-736-673200"
"Curtis","Christine","07186 Brown Forks","New Donald","18677","744-9303556"
"Webb","Kathy","8515 Thomas Flat","Barbaramouth","36377","712-6138148"
"Alvarado","Paul","97114 Edwards Parkway","Bowersburgh","37763","438-0934179"
"Anderson","Matthew","60453 Taylor Camp","Stephaniehaven","89389","+342-953-29868"
"Thompson","Jared","02283 James Plaza Apt. 430","Wheelerburgh","51114","921-0378333"
"Robinson","Donna","639 Michael Plains","Edwardborough","86251","462-3815907"
"Berg","Christian","060 Garcia Valley","West Roberthaven","26328","865-5915197"
"Thomas","Megan","676 Fowler Overpass Apt. 839","Simpsonfort","19600","+160-901-6976564"
"Shaw","Michelle","22249 Joshua Mountains","South Nicholasview","53899","451-8204763"
"Johnson","Tracey","614 Montoya Street Suite 852","Stevenville","83092","+291-042-067400"
"Brown","Paula","50441 Lewis Springs","Ashleychester","30713","+472-993-352338"
"Wood","Ryan","91123 Raymond Course","Davidsonland","89994","+214-230-25953"
"Solis","Anna","51820 Martin Springs","New Anthony","54363","257-1646142"
"Werner","Sarah","182 Raymond Lock Suite 486","South Michaelville","69258","+650-153-003296"
"Moran","Tamara","011 Crawford Park Apt. 843","Krausefort","32238","+359-773-316033"
"Ali","Robert","6861 Parker Canyon Apt. 119","Tammytown","55641","968-2568433"
"Day","Kenneth","588 Michael Plaza Apt. 880","South Laurie","28971","724-2934048"
"Farrell","Melissa","49273 Cox Stravenue","Susanport","17438","+389-155-15495"
"Pitts","Kelly","005 Richardson Coves","North Mike","60026","209-3278444"
"Riley","Jeanette","765 Stevenson Courts Apt. 650","South Gregorychester","39555","472-4720141"
"Willis","Michael","033 Sanchez Locks Apt. 909","Justinville","51655","0752-008198"
"Cox","Kathryn","799 John Drives Suite 144","East David","60450","+957-047-649502"
"Lynn","Morgan","03519 Gay Ports","Cohenland","77659","812-7127272"
"Black","Susan","47927 Jill Way Apt. 458","East Heidi","89513","143-7852550"
"Smith","Ashley","22735 Schroeder Mews","Alvaradoport","96727","+839-442-30084"
"Newman","Theresa","73319 Jonathan Plains","Rodneytown","49814","854-6343549"
"Rodriguez","Michelle","6784 Joshua Junction","West John","47630","490-4057846"
"Smith","Larry","1945 Sean Freeway","Brianbury","30209","817-4434836"
"Dodson","Phillip","353 Patricia Mill Suite 327","West Melissabury","22690","+500-067-81529"
"Middleton","Jesse","6455 Cynthia Fall Apt. 194","West Cynthiaburgh","02365","+934-723-0164144"
"Adams","Pamela","2419 Smith Flat Suite 062","South Debra","65141","993-6154891"
"Vaughan","Lisa","5215 Wilson Summit","Ortizport","33662","306-8846484"
"Carrillo","Joseph","722 Rios Neck","New Nicholas","89276","661-6556489"
"Ryan","Robert","05503 Conway Meadow","Lake Haileyhaven","99036","+957-981-188046"
"Daniels","Bryan","77742 Thompson Brook Apt. 938","East Frankbury","54626","171-2960449"
"Baldwin","Matthew","18523 Bird Harbors Suite 003","Lake Juan","06747","897-0184363"
"Stein","Raymond","79223 Brady Corners Suite 939","West Sherri","80163","871-3254276"
"Thompson","Michael","66133 Cohen Canyon","South Robertport","70476","+873-666-33143"
"Baker","Adrian","718 Denise Street Apt. 261","Amandaburgh","22407","+675-096-2076280"
"Bowers","Robert","10577 Johnson Loop","North Sandra","61827","755-6231555"
"Zamora","Heather","55920 Green Islands","Leestad","24946","757-9330397"
"Mills","Nichole","479 Adams Mountain","Sheliaside","62064","451-2200620"
"Murphy","Nichole","5774 Gary Underpass","Allisonton","31482","+172-379-24199"
"Terrell","Natalie","743 Elizabeth Ferry","South Jonathan","42197","+435-893-51876"
"Moody","Steven","8240 Weber Valley Apt. 030","East Stacyton","84288","531-1396865"
"Hunt","Kayla","9189 Hernandez Fields","Port Joshuabury","87004","276-4110478"
"Garcia","Deborah","013 Tammy Lodge","Hallborough","63144","684-5990173"
"Alexander","Christopher","547 Rachel Walks Apt. 901","Donnabury","44139","231-0281122"
"Bennett","Donna","9528 Goodwin Trail Apt. 631","Port Alejandraberg","74629","+059-468-96504"
"Dunn","Tina","524 Harris Station","West Stephaniebury","65310","+390-098-346326"
"Blevins","Sophia","02713 Cook Canyon Suite 297","Jeffreymouth","95848","+216-144-63132"
"Carroll","Austin","3407 Everett Greens Apt. 683","West Timothy","72806","+968-492-5594397"
"Crane","Kimberly","33670 Jeffrey Island","Port Jasonside","18816","936-7156197"
"Becker","Alexandria","168 Shelley Corners","Lewischester","54375","103-7320173"
"Roberts","Alexis","993 Beth Drives","New Heather","77574","+801-979-56978"
"Hicks","Vanessa","5775 Ashley Route","Meyerburgh","22310","+702-019-65374"
"Brown","Howard","364 Carter Lights","North Jessicahaven","29801","783-9122037"
"Smith","Helen","0887 Robert Ford Apt. 060","Stoneburgh","66529","+942-335-11404"
"Mckay","Christopher","9549 Chloe Union Suite 978","New John","44870","161-1309178"
"Gonzalez","Melissa","669 Ross Roads Suite 364","North Andrea","81154","858-6282165"
"Bush","Kathy","75232 Joshua Pines","Salinasstad","83936","749-4986757"
"Chang","John","55496 Barnes Forest Apt. 618","West Timothyton","14289","+206-128-9556837"
"Daniels","Eric","666 Garcia Ways Apt. 651","East Jason","21539","398-0958900"
"James","Matthew","912 Phillips Ports Suite 782","North Matthew","28027","+038-132-3190740"
"Peters","Angela","9490 Mcclure Hollow","Lake Sharonhaven","67288","584-6734791"
"Hurst","Natalie","7796 Arthur Road","Joshuaborough","19610","+411-389-9998330"
"Edwards","Sandra","80697 Andres Skyway","West Terrence","76953","+661-005-8704641"
"Murray","Alejandra","1287 Eric Ranch","Brandonfort","51719","575-4419182"
"Johnson","Erin","755 Welch Rapids","South Amy","42513","+387-748-9941825"
"Hudson","Melanie","97675 Paul Brooks","Ramosfurt","18599","+301-544-529316"
"Mccoy","Brooke","76979 Cynthia Rue","South Stevenmouth","87229","+893-570-7178703"
"Cain","Stacey","98010 Daniels Ports","Arnoldstad","13066","669-4829930"
"Thompson","Charles","53076 Kline Run Suite 108","Alvarezfort","91818","709-6219662"
"Maldonado","Brian","917 John Glen Apt. 946","New Nicholas","23100","444-0410841"
"Larson","Richard","43813 Kathy Throughway","Port Michael","70535","907-6314744"
"Conway","Michael","107 Rodriguez Loop Suite 983","Cesarmouth","92336","+759-117-7580131"
"Costa","Tara","7890 Monica Gardens","East Adrian","81052","+800-297-9588622"
"Romero","Cynthia","5912 Elizabeth Locks","Garcialand","34406","327-1670004"
"Stanley","Jillian","0754 Warner Valley Apt. 062","Sancheztown","50906","732-5309212"
"Morse","Sandra","12530 Ashlee Forges","Lake Lindachester","05850","652-0914752"
"Thompson","Shannon","2648 Christina Flat","South Melissaside","47503","+540-596-55491"
"Lane","Melissa","290 White Isle","Port Johnside","33222","+582-530-060067"
"Bryant","Sharon","02085 Paul Court Apt. 962","Lewismouth","24158","0118-887836"
"Good","Emily","58114 Tanner Passage","Lake Isaacfurt","80052","+430-994-6421977"
"Rivera","Jessica","636 Stephens Falls Apt. 353","East Alexis","20026","618-3444921"
"Bailey","Mary","16364 Davis Crest Suite 488","South Jerryview","72666","518-1413527"
"Jensen","Mark","7244 Hernandez Radial","Jonesside","45937","+460-246-35485"
"Schmidt","Penny","0901 Tammy Freeway Suite 937","New Jacquelinestad","71059","665-9690212"
"Bradley","Michael","452 Erik Islands","Lake Catherine","46610","714-0879783"
"Johnson","Shirley","1805 Susan Green Suite 063","Lewisfurt","50272","+182-274-24616"
"Pearson","Haley","48286 Cox Courts Apt. 614","North Melissa","73536","+245-962-0550253"
"Larson","Sarah","9666 Crawford Branch Apt. 258","Lynchside","68943","+019-074-233869"
"Evans","Nancy","1021 Benjamin Ville","South Ryanstad","89110","990-9881101"
"Smith","Carolyn","2911 Wilson Cove Apt. 443","New Adam","40042","+344-617-548002"
"Brennan","Megan","1132 Matthew Vista Apt. 437","South Ryan","28825","133-4925196"
"James","Allen","641 Gina Plains Suite 397","North Kenneth","24920","758-5824569"
"Nicholson","Michelle","87492 Leah Ridges","Markbury","03912","+530-708-31799"
"Carter","Karen","7533 Barry Branch","Allentown","03226","840-6503316"
"Stevenson","David","258 Kane Orchard","Anneburgh","61003","+450-696-878280"
"Wallace","Mary","34566 Steven River Suite 778","South Cynthia","52409","+755-606-1062264"
"Johns","Laura","22714 Hansen Mills","Greenshire","16839","311-9152718"
"Holmes","Matthew","81102 Lee Harbors Suite 986","Brandyborough","61484","667-7171988"
"Porter","Margaret","912 Diaz Stravenue","South Joseland","63677","264-4079484"
"Garcia","John","57452 Deborah Tunnel Apt. 904","Kristenville","89614","+428-306-09444"
"Brown","Austin","22216 Garza Rest Suite 179","Paulberg","68811","932-2473361"
"Potts","Janice","2299 Hughes Drive Suite 574","South Nathan","48015","+248-625-91930"
"Russell","Troy","36245 Jason Ford","Janefurt","40316","553-6173714"
"Graham","Rebecca","25889 Dennis Pines","Williamborough","89894","400-7425659"
"Tucker","Jessica","08401 Bell Mall","West Valerie","78572","271-9184910"
"Phillips","Brian","8028 Parker Shoal","Robinsonport","62426","+229-942-564076"
"Galloway","Katherine","80400 Coleman Village","Morrismouth","98473","+698-572-5050772"
"Dominguez","Daniel","827 Barbara Mountains","Taylortown","37627","875-8603361"
"Green","Chelsea","5183 Booth Harbor Suite 634","Lake Stephanie","46672","799-4847187"
"Gonzales","Charles","73601 Alicia Mills","New Julie","12618","+972-974-5338654"
"Stout","Tracy","44430 April Shoals","South Donna","87080","+868-967-7209994"
"Garcia","Ian","96730 Megan Groves Suite 385","Peterston","18632","+699-932-38198"
"Stewart","Gregory","8005 Brenda Burg","Alyssaside","73643","+693-855-50110"
"Larson","Andrew","741 Carrillo Plain Apt. 306","Blankenshipview","36335","981-3004545"
"Hernandez","Jennifer","55192 White Crescent","Tammyville","23237","+473-761-6754183"
"Torres","Paul","876 Tristan Mill Suite 095","Thomasmouth","85618","603-3244676"
"Holmes","Tamara","1245 Soto Court","Garrisonland","62876","963-7005465"
"Lee","Melissa","553 Donald Rapids","Lake Brianbury","43808","+234-820-745835"
"Mora","Thomas","2481 Michele Motorway Suite 680","Angelamouth","67651","+510-171-67341"
"Greene","Cindy","067 Vance Locks Suite 537","Gardnerbury","41914","+132-078-46595"
"Snow","Carlos","2478 Howell Bypass","Barnettmouth","16421","529-6186421"
"Ferguson","Brian","57182 Carly Fort Suite 797","South Jacobburgh","13993","593-3965068"
"Saunders","James","61651 Carpenter Lakes Apt. 592","Troyland","74699","673-8858796"
"Hernandez","Darrell","632 Regina Mount Apt. 288","Turnerton","89218","600-6732013"
"Huerta","Alexandria","68725 Rebecca Port Suite 581","Port Amyberg","85129","+564-542-965619"
"Cooper","Patricia","00883 Olsen Gateway Suite 075","Lewisbury","22049","+483-776-0227002"
"Rose","Jennifer","028 Montgomery Walk","Port Crystalchester","72534","+696-108-46728"
"Wilson","Jacqueline","8648 Denise Forks Suite 061","East Ronnieview","00596","231-7123965"
"Meza","Samantha","81642 Buchanan Rapid","Powellfurt","37883","0454-540039"
"Santiago","Fred","736 Shawn Point","New Carla","08652","436-0862269"
"Walker","Matthew","3528 Joseph Ford Suite 480","Mccartyside","61582","+301-148-8379747"
"Baxter","Adam","993 Justin Manors Apt. 440","Paulmouth","34771","+431-858-778942"
"Cherry","Joel","169 Jefferson Squares Apt. 224","Briggsstad","08276","954-4089359"
"Miller","Timothy","6200 Amber Meadow Apt. 988","Spencerville","31988","846-4085832"
"Horton","Jacqueline","858 Donna Ridge","East Michael","88129","725-7661658"
"Browning","Matthew","81134 Wright Roads Apt. 165","Port Mindyfurt","51560","+641-404-96841"
"White","Jennifer","69436 Danny Radial Suite 725","Terriburgh","25397","+849-518-80185"
"Rich","Christina","069 Alexander Falls","Merritthaven","96811","+180-165-78052"
"Ramos","Victor","62089 Christina Squares Apt. 694","West Ruben","14669","+531-068-4073963"
"Parker","Michael","92250 Maldonado Orchard","Lake Deborahfurt","37269","+499-359-62984"
"Taylor","Kristen","798 Erin Highway Suite 234","South Johnstad","36270","0260-315284"
"Gilbert","Michelle","6242 Gomez Drive","Williamstown","66914","+529-412-40882"
"Ellis","Ariana","0007 Courtney Lodge Suite 308","Jasonbury","22486","+538-076-40112"
"Davis","Lori","28530 Thomas Island Suite 528","Matthewhaven","19710","+276-228-56051"
"Rogers","Richard","31314 Thomas Views Suite 987","Thomasborough","54756","267-0610770"
"Gay","William","66093 Peter Port","Lake Tiffany","89621","+548-967-58631"
"Downs","Gary","0841 Barrett Centers","North Phillip","66689","0674-285910"
"Park","Morgan","41088 Carly Mills Apt. 521","West David","73686","485-6225832"
"Wilkins","Michael","080 Thornton Mission Apt. 544","Port Melissaton","18563","+533-235-871920"
"Wilson","Brittany","8792 Orozco Heights","East Karenmouth","15560","+115-377-303536"
"Wood","Diane","85570 Brittany River Suite 165","Lake Shannon","44184","+699-085-61357"
"Turner","Natalie","112 Jenkins River Suite 231","Port Brooke","74184","607-0132733"
"Morris","William","875 Hernandez Glens","Paulburgh","16572","304-5559098"
"Johnson","Destiny","2009 Jacob Lodge Suite 341","Edwardshaven","89828","981-4813397"
"Casey","Anthony","2245 Scott Row","Shawland","72982","+998-782-834832"
"Frederick","Kevin","57258 Smith Lock Suite 614","North Joseside","11830","140-9389830"
"Williams","Kimberly","211 Braun Manor Apt. 342","West Jennifer","72347","+957-403-92965"
"Flores","Brandon","2724 Lori Via","New Elizabeth","75702","289-2623403"
"Wang","Emily","131 Hancock Stravenue Suite 790","Lake Michaelport","31031","+826-069-19626"
"Hernandez","Christopher","91805 Stephanie Course","Kaylatown","02932","821-1620995"
"Jimenez","Christopher","4157 White Square","Williammouth","64069","476-7434180"
"Luna","Curtis","9640 Donovan Ports Apt. 909","Port Thomas","16862","+544-848-2773439"
"Arnold","Kyle","221 Warner Lodge Suite 385","South William","59433","125-6778636"
"Blake","Kristen","85376 Randall Drive","Port Samuel","98111","+909-598-928813"
"Ayala","Laurie","29958 Patterson Plaza Apt. 479","Jameston","81532","+900-337-74462"
"Wilson","David","05000 Kim Stravenue Apt. 133","South Nathan","62336","+109-255-75503"
"Edwards","Andrew","822 Contreras Row Suite 138","Lake Terryland","31073","807-4667693"
"Waters","Mike","6842 Johnson Locks Suite 866","East Kristy","85221","991-7409738"
"Alvarez","Kristy","8746 Owens Garden Suite 008","Port Jerryside","71080","+865-888-3375566"
"Ray","Arthur","7281 Russell Isle","Williamview","87303","+539-842-692487"
"Hoffman","Lauren","791 Andrea Burg","East David","79047","532-8543388"
"Gonzalez","Kelly","941 Delgado Trail","New Heather","36532","+733-981-02233"
"Harper","Lynn","736 Kelly Radial Apt. 176","Johnsonview","23664","545-1376491"
"Tyler","Stephen","41366 Jill Groves","Robertstown","65393","863-8281457"
"Bautista","Nicole","61335 Jon Trace","West Pamela","71195","300-4698655"
"Hayden","Maria","92106 Kelly Station","East Elijah","33979","515-3519456"
"Norman","Darin","45345 David Ports","Port Stevenborough","84336","+507-648-211130"
"Hoffman","Emily","33199 Huerta Corner","Lake Judithstad","33909","164-1824656"
"Ortiz","Brandon","094 Shirley Rapid","Kingberg","01087","+865-999-950259"
"Butler","Ryan","4941 Amy Station","Lake Christina","94672","+112-802-53235"
"Hoffman","John","5726 Lee Mountains Suite 082","Vincentville","82965","+369-507-4749138"
"Campbell","Sheila","6817 Kathryn Rapids Apt. 139","South Nicole","53857","565-9000257"
"Sims","Brittany","8935 Owens Orchard","North Michaelstad","40640","457-2920393"
"Jackson","Donald","7805 Davis Course","Port Meghanchester","17305","765-7377580"
"Green","Lance","86163 Peter Bypass Suite 167","Lake Alexisview","06486","+028-201-72756"
"Lucas","Bobby","56680 Gonzales Port Apt. 460","Murraystad","66220","681-5890133"
"Taylor","Mason","88134 Norman Plain","North Maria","80216","+164-291-228797"
"Watkins","Ryan","19639 Murphy Station Suite 692","Davidburgh","80781","221-1806550"
"Anderson","Andrew","8502 Arroyo Loaf Apt. 417","Aaronstad","71407","897-1564654"
"Oneal","Gregory","317 Wendy Branch","Stephanieville","35627","+620-392-4727638"
"Young","Chad","3037 Alfred Cliff","Kellyland","68186","659-2877970"
"Ross","Vanessa","6528 Greg Knoll Apt. 572","West Bradley","22653","+718-409-1549001"
"Cox","Hannah","0909 Diana Curve Suite 376","Lake Heather","87264","675-0892362"
"Sullivan","Melissa","445 Walters Green Apt. 816","South Gabriella","48874","467-7450067"
"Chandler","Stephen","782 Morales Forest","Hannahfort","88723","+636-647-8448748"
"Rogers","Thomas","842 John Underpass","Turnerborough","77323","+074-395-23922"
"Johnson","Olivia","9068 Castillo Coves","East Morganview","90314","+364-850-9618816"
"Burke","Christine","942 Key Trace Suite 063","New Robertland","76657","408-7826545"
"Cook","Kevin","9767 Fuller Prairie","East Justinville","73261","423-8429516"
"Bowman","Yvonne","2934 Matthew Bypass","Lake Devin","21323","673-0854564"
"Wright","Zachary","1559 Kenneth Land Suite 014","Port Ryan","95534","+306-047-681779"
"Miller","Pamela","8213 Jessica Prairie Apt. 019","North Nicholasview","79397","468-0865790"
"Johnson","Sheryl","699 Flores Passage Suite 232","West Mark","52989","875-5161795"
"Gonzalez","Lauren","650 Amanda Ville Apt. 485","Saundershaven","37357","474-3043376"
"Davidson","Kathleen","3520 Taylor Crossing Apt. 353","Michaelburgh","23115","0641-453076"
"Sanchez","Sarah","09488 Teresa Street","Davidfurt","43420","+340-257-0591455"
"Roberts","Regina","4816 James Port Apt. 205","Port Janice","48727","678-4159325"
"Williams","Mary","85331 Delacruz Track Suite 185","Lake Brittany","53108","+727-389-374632"
"Cannon","Debbie","2586 Jodi Shoal","East Laurenfurt","13533","196-1563810"
"Mccoy","Jessica","698 Li Common","New Kaylashire","12034","994-4452287"
"Smith","Pamela","600 Avila Lodge","Watersport","06389","697-1922552"
"Jones","Tracy","891 Lopez Causeway","Fuentesbury","87107","245-0802473"
"Gardner","Nathan","810 Hernandez Ramp Apt. 961","Moraleschester","73826","+471-187-325271"
"Hammond","Danielle","510 Angelica Corners","North Jessicabury","01303","+898-367-2572938"
"Ramirez","James","1400 Smith Extension","Lake Joshuaberg","94422","+251-354-0456854"
"Maddox","Michael","29946 Tony Lane","Jamesville","51716","425-4686259"
"Harrison","Kristine","6409 James Avenue Suite 472","Tanyamouth","82090","+374-944-5049480"
"Wilcox","Lee","767 Brown Isle","New Michaelview","55568","+540-194-39604"
"Goodman","Kara","654 Wilson Hollow Apt. 528","Lake Crystal","73218","944-3879425"
"Clark","Justin","5733 Cole Crest","Port Rhonda","89972","516-9811134"
"Alvarado","Donald","46406 Thompson Well","Stephenfort","33480","430-9106166"
"Hancock","Patricia","5317 Joseph Valley","Mcculloughchester","23715","+698-463-05624"
"Gray","Jennifer","1072 Joan Manor Suite 647","Taylorhaven","39096","+307-291-9130861"
"Bowen","Amy","641 Wesley Parkway","Davisview","13217","682-0670085"
"Long","Bonnie","55599 Edwards Greens","Wilkinsville","53034","+988-724-4644557"
"Schneider","Robert","221 Melissa Extensions Suite 047","Curtisville","32161","+229-860-779003"
"Young","David","474 Robert River","East Jeremy","04206","975-6879403"
"Guzman","Rebekah","71369 Navarro Summit Apt. 296","Nashfurt","89183","+327-307-6713038"
"Davis","Phillip","2249 Carolyn Stream Suite 618","Racheltown","84640","292-7333883"
"Jones","Raymond","89531 Holmes Rapids Apt. 832","South Michaelbury","08636","666-6177743"
"Manning","Michelle","49450 Leah Crest Suite 767","Matthewmouth","43511","151-8867307"
"Fernandez","Alex","3303 Ramos Landing Suite 143","West Whitneyfurt","71795","+227-274-0807194"
"Graham","Carol","2006 Roach Brook","Christopherburgh","02117","675-6734577"
"Scott","Christina","1105 Luke Way","Taylorside","08988","606-3837964"
"Garcia","Derek","821 Ruiz Tunnel","Diazview","34506","+580-040-468265"
"Lindsey","David","0380 Strickland Stream Apt. 658","Abigailmouth","35208","336-2063070"
"Perez","Sheila","5660 Navarro Plains","Port Christopher","11811","789-5366721"
"Armstrong","Thomas","403 Lynn View","West John","81417","+902-374-1468869"
"Jackson","Thomas","3610 John Track Apt. 329","Lindaville","92456","+426-448-885315"
"Herman","Ann","3228 Adrian Street","Johnsonbury","58076","408-7235699"
"Smith","Michael","34162 Smith Stravenue","New Michaelfurt","63169","+960-634-6804523"
"Flores","Amber","798 Christina Village Apt. 595","Alexanderburgh","71604","281-8281876"
"Gill","Larry","77842 Stewart Estates","Haroldview","02106","341-2647635"
"Hebert","John","662 Daniel Vista Suite 566","Chadshire","32870","+855-797-357277"
"Hayden","Leonard","8869 Patterson Oval Suite 000","New Derekmouth","50285","+522-493-20573"
"Adams","Matthew","2097 Lopez Passage Apt. 676","Irwinstad","34673","+672-967-8235291"
"Arnold","Amber","9389 Jones Meadows","East Dennisbury","65632","607-4491996"
"Ray","Thomas","6734 Susan Avenue","West Chloehaven","53056","+890-524-435430"
"Hale","Daniel","790 Hill Well","South Hunter","21832","+382-844-823674"
"Lopez","Jeffrey","2975 Jasmine Orchard Apt. 028","Jenkinsland","39366","+726-348-1748148"
"Gonzalez","Amber","90193 Nicholas Rest","South Caseymouth","74544","+510-667-77428"
"House","Samantha","51060 Richard Cliffs Suite 573","Port Cynthia","24880","+643-844-01855"
"Wilson","Sandra","417 Cynthia Walks Apt. 179","West Sharon","46817","+164-421-6131928"
"Thompson","Nicole","027 Julian Courts","Cindytown","41803","908-5149994"
"Hobbs","Tonya","90745 Patricia Walks","Dorothystad","16486","+411-151-1140268"
"Arroyo","Anthony","776 James Islands","Kimborough","82413","+046-967-04533"
"Mitchell","Brandon","443 Davis Square","Lauramouth","51378","677-3345577"
"Ramos","Gabriel","661 Kristy Locks Apt. 394","East Jeanettefurt","61962","+008-884-5795385"
"Miller","Amber","669 Denise Groves","East Sergio","94363","582-5582493"
"Wilson","Andrea","0705 John Inlet","New Coltonville","94883","+237-096-26391"
"Holloway","Ashley","2227 Angelica Landing","South Marie","43295","+323-217-2971900"
"Clark","Ian","684 Haynes Islands","West Kevinstad","07754","641-3931434"
"Brooks","Gregory","144 Anderson Way","Port Jacquelinebury","56941","536-4903629"
"Brooks","Monica","32908 Smith Knolls","Morganside","63095","+360-201-5821232"
"Simpson","Max","88399 Murray Loaf","Port Andrewfort","39241","378-5965874"
"Gutierrez","Shannon","086 Christina Views Apt. 047","Garciaville","54901","708-0266747"
"Vasquez","Emily","77342 Jose Lake","West Jessica","68227","+440-075-84376"
"Garcia","Lindsey","1523 Park Crossroad","Lake Daniel","44037","+128-435-71179"
"Harris","Chad","055 Sara Gardens","North Jacquelineberg","89598","456-7816879"
"Mays","Michael","00165 Tony Port Suite 078","Hutchinsontown","54058","643-8799267"
"Aguirre","Stephanie","71743 Simmons Passage Suite 597","Emilyview","56942","803-8925063"
"Williams","Stephanie","5534 Russell Locks Apt. 785","North Meghanland","32573","764-2301302"
"Dominguez","Charles","5076 Devin Stream","New Deannaton","68730","696-2489570"
"Newman","Adriana","194 Garcia Village Apt. 509","East Kristina","06728","803-2724674"
"Newton","Russell","20470 Reid Manors","Ritterside","08723","473-8808407"
"Mueller","Paula","9870 Ellison Unions","Michaelberg","41807","986-9915585"
"Coleman","Frederick","54638 James Junctions","Williamland","82012","566-8992443"
"Ellis","Mariah","9461 Cynthia Radial Apt. 158","Sydneyville","64562","522-3126124"
"Skinner","Kayla","23259 Kimberly Shore Apt. 063","Thomastown","36898","+909-939-1484475"
"Watson","Russell","00080 Crawford Point Suite 840","Williamstown","84303","829-2900682"
"Campbell","Connor","76732 Alexandra Mission","Richardtown","62372","+224-698-0056218"
"Wright","David","853 Higgins Lodge Suite 743","East Antoniofort","88436","576-3169983"
"Thornton","Phillip","8103 Glass Ways","Smithstad","33055","+582-194-739678"
"Payne","Jeremy","873 Fleming Curve Apt. 461","Oconnorberg","47471","+567-871-593299"
"Mitchell","Mary","9905 Ruth Crest","Port Thomasmouth","91680","+455-311-243672"
"Rogers","Janice","627 Alexander Pine Suite 016","New Barbara","74196","359-4168198"
"Parsons","Christopher","80170 Vaughn Camp Apt. 586","West Clintonmouth","55263","+678-726-83635"
"Green","Billy","514 Kevin Neck","Wallsmouth","05589","145-3831968"
"Ingram","James","4679 Hicks Isle Suite 773","South Jamesville","67296","+961-363-4408410"
"Newman","Kayla","2461 Erickson Road","Chelseaborough","49027","+579-009-644959"
"Wells","Cameron","880 Fitzgerald Villages","North Kennethside","86078","173-6462420"
"Fitzpatrick","Samuel","47467 Alvin Cliff Suite 119","Lake Hunter","15968","136-3387822"
"Jones","Susan","250 Patrick Field Suite 432","Jonesborough","65145","+488-026-93450"
"Long","Scott","38728 John Way","Sarahland","69081","+330-935-0065103"
"Franklin","Nancy","965 Melissa Road","Garciaborough","81835","+186-735-425424"
"Lee","Lisa","4378 Tony Street","Port Gloria","79307","193-5891034"
"Harris","Brandon","63647 Bruce Cliff","Fowlerfort","41725","+472-391-05714"
"Sanchez","Kim","14469 Andrew Streets","Jenniferberg","06453","+519-820-515975"
"Castillo","Kent","3447 Bennett Garden Suite 651","Port Joseph","35010","+427-180-57671"
"Hale","Hailey","69426 David Cliffs Suite 760","New Victor","40737","483-8523042"
"Roberts","Carla","15760 Wood Fall Suite 883","Arnoldview","71509","+432-968-889511"
"Griffith","Antonio","54299 Lee Via","Tyronetown","22926","+283-056-736569"
"Dunn","Ryan","8912 Romero Ford Apt. 291","South Danielmouth","16580","+974-495-64513"
"Logan","Meredith","2440 Derrick Overpass","East Brandon","84823","0997-107273"
"Williamson","Bradley","726 Michael Overpass","New Hannahview","79492","191-3158662"
"Olson","Amanda","97978 Callahan Bridge","Williamsmouth","47138","+850-948-735560"
"Hays","Daniel","448 Turner Harbors","North Karla","51241","0614-533280"
"Walker","James","53191 Bryant Corner","Maxwellmouth","34511","470-6161098"
"Ross","Natasha","829 Erin Orchard","New Tamara","50250","933-7222237"
"Carter","Jonathan","28837 Mark Groves Apt. 402","North Calvin","15131","837-6613374"
"Owens","Alicia","4655 Eric Gardens","Jennifermouth","17607","+641-254-5334456"
"Graham","Jacqueline","988 Russell Viaduct","Jonesland","71659","567-4159777"
"Smith","Katie","7175 Anderson Circles","Mendezburgh","87012","+256-697-46900"
"Murray","John","62110 Nicole Islands Apt. 657","East Haleyview","41040","+723-510-64496"
"Welch","Angela","76298 Rodgers Avenue","Vincentfort","27587","+363-973-0719023"
"Thomas","James","234 Katherine Passage","West Sheliaside","87394","935-5287250"
"Hall","Anita","3996 Natalie Extension","South Monique","80344","957-3720819"
"Smith","Sheila","0279 Fox Crossing Apt. 471","South John","70135","388-7024047"
"Holloway","Alice","6724 Mccormick Fall Apt. 770","Antoniochester","98593","+561-688-811237"
"Boyle","Misty","5639 Powell Highway","East Paulville","95959","+195-656-107402"
"Hill","Tracy","769 Gary Run","Melissahaven","59841","504-7598314"
"Wang","Justin","660 Garcia Manor","Murphyborough","81014","823-3010485"
"Cole","Erin","6809 Clark Walk","New Rachel","16632","+248-314-887662"
"Anderson","Harry","533 Glenn Viaduct Apt. 351","West Deborahfort","30656","+833-261-9523202"
"Peters","Kimberly","074 Laura Freeway Apt. 129","Stevenbury","01451","+458-862-3613621"
"Johnson","Adrienne","76537 Mason Keys","North Aprilchester","76307","+164-026-484403"
"Dougherty","Aaron","7220 Levy Turnpike","North Bryan","50004","429-3543578"
"Greene","Daryl","7750 Taylor Prairie","South Kimberlyburgh","46731","609-3537221"
"Hayes","Melissa","5722 Baxter Station","Patriciamouth","15996","+459-578-3727183"
"Jones","Michelle","022 Harding Inlet","Cartershire","22801","840-8959639"
"Serrano","Lauren","8874 Charles Prairie","Morristown","51568","+992-223-4169468"
"Alexander","Donald","905 Gould Loop Suite 427","Port Michelle","36267","+554-578-4268734"
"Santiago","Erin","050 Jacob Lodge","Brittanychester","21862","+581-388-60820"
"Ayers","Robert","7043 Edward Skyway","East Kathrynstad","28977","+158-791-73368"
"Watson","Stephanie","228 Anthony Pines Apt. 568","New David","41627","214-0863602"
"Benson","David","6919 Williams Green","Lake Pamela","14345","581-1681948"
"Lopez","David","6079 Proctor Village Apt. 122","Mclaughlinmouth","39830","+004-077-5042828"
"Aguirre","Robert","95245 Clark Spring","Bassfort","70968","926-5630665"
"Hodges","Martha","483 Fuller Unions Apt. 377","Meganshire","91575","+610-733-781099"
"Herrera","Susan","9283 Jones Valley Suite 737","Clarkstad","72810","+883-084-815819"
"Rosales","Scott","6775 Norton Falls","Lake Tonyashire","62926","954-1414105"
"Williams","Ashley","13767 Tina Loop","South Richard","19208","326-7818039"
"White","Ronald","162 Jay Canyon Apt. 689","Johnathanhaven","92592","+430-014-590962"
"Gibson","Melissa","5797 Walsh Club Suite 363","Fletcherland","92122","902-5483673"
"Rodriguez","Dawn","6655 Hayes Loaf Suite 799","New Adam","24190","+741-805-803757"
"Bell","Tiffany","180 Edward Burg Suite 347","Jamesmouth","26896","353-4827203"
"Gray","John","5383 Christina Divide Suite 037","Lake Aaron","52508","+185-609-1454989"
